fund_name,scheme_name,category,rating,aum,expense_ratio,inception_date,Benchmark Index,nav,high_52_week,low_52_week,return_1_month,Return (%)3 mo,Return (%)6 mo,return_1_year,Return (%)2 yrs,return_3_year,return_5_year,Return (%)10 yrs,Turnover Ratio (%),number_of_stocks,average_market_cap,large_cap,mid_cap,small_cap,Highest Sector,Avg. Maturity(in yrs),Mod. Duration(in yrs),Yield To Maturity (%),Alpha,Sharpe,Sortino,Beta,standard_deviation,classification,category_average_return,category_average_return_3years,exit_load_remarks
Aditya Birla Sun Life,Aditya Birla SL Arbitrage Fund(G),HY-ARB,3.0,5348.8,1.03,24-Jul-09,Nifty 50 Arbitrage,22.06,22.06,21.26,0.43,1.12,1.9,3.64,3.78,3.94,4.85,6.12,998,131.0,131930.0,47.59,12.81,4.25,Financials,0.46,0.43,5.99,0.86,0.98,2.03,-0.01,0.88,Hybrid : Arbitrage,3.56,3.65,0.25% on or before 30D Nil after 30D
Aditya Birla Sun Life,Aditya Birla SL Balanced Advantage Fund(G),HY-DYN,4.0,6745.2,1.81,25-Apr-00,CRISIL Hybrid 50+50 - Moderate Index,74.3,75.64,68.36,-0.39,4.65,2.6,-0.56,14.29,11.02,8.05,10.85,308,112.0,193013.0,55.35,6.61,3.7,Financials,1.52,1.32,7.34,-2.37,-0.32,-0.5,0.54,8.35,Hybrid : Dynamic Asset Allocation,1.18,10.47,0.25% on or before 7D Nil after 7D
Aditya Birla Sun Life,Aditya Birla SL Banking & Financial Services Fund-Reg(G),EQ-FIN,4.0,2371.1,2.15,14-Dec-13,Nifty Financial Services - TRI,39.61,41.77,32.27,-1.62,12.45,5.41,-3.63,28.68,11.16,7.27,-,30,32.0,162461.0,74.95,10.17,10.21,Financials,-,-,-,2.29,-0.17,-0.27,1.08,21.3,Equity : Sectoral - Financial Services,-1.79,11.01,1% on or before 30D Nil after 30D
Aditya Birla Sun Life,Aditya Birla SL Equity Advantage Fund(G),EQ-L&M,4.0,5378.6,2.0,24-Feb-95,S&P BSE 250 LargeMidCap Index - TRI,607.94,726.83,523.09,-1.38,7.55,-5.32,-16.18,20.5,14.62,6.76,14.82,56,64.0,85863.0,50.76,37.03,9.48,Financials,-,-,-,-12.52,-0.91,-1.37,1,19.83,Equity : Large & Mid Cap,-1.58,18.24,1% on or before 90D Nil after 90D
Aditya Birla Sun Life,Aditya Birla SL Equity Hybrid 95 Fund(G),HY-EQ,4.0,7687.6,1.88,10-Feb-95,CRISIL Hybrid 35+65 - Aggressive Index,1049.77,1111.64,951.46,-0.76,5,-2.8,-6.56,18.69,11.88,6.98,12.21,81,68.0,119057.0,49.34,20.48,4.84,Financials,2.6,1.98,7.35,-7.43,-0.57,-0.9,1.08,14.06,Hybrid : Equity Oriented,1.35,8.53,1% on or before 90D Nil after 90D
Aditya Birla Sun Life,Aditya Birla SL Equity Savings Fund-Reg(G),HY-EQ,2.0,505.2,2.31,28-Nov-14,NIFTY 50 Equity Savings Index - TRI,17.28,17.94,16.12,-0.06,3.54,0.29,-3.25,10.08,8.03,5.72,-,385,57.0,151451.0,49.8,13.59,6.09,Financials,0.75,0.7,7.16,-5.34,-0.73,-1.1,0.46,7.64,Hybrid : Equity Oriented,1.35,8.53,0.25% on or before 7D Nil after 7D
Aditya Birla Sun Life,Aditya Birla SL Flexi Cap Fund(G),EQ-FLEX,3.0,15735.0,1.82,27-Aug-98,NIFTY 500 - TRI,1118.84,1203.91,966.11,0.41,8.03,-0.57,-7.83,23.15,15.82,9.66,15.61,18,67.0,135484.0,73.4,14.37,9.55,Financials,-,-,-,-3.58,-0.49,-0.76,0.94,17.96,Equity : Flexi Cap,-2.7,16.46,1% on or before 90D Nil after 90D
Aditya Birla Sun Life,Aditya Birla SL Frontline Equity Fund(G),EQ-LC,4.0,21457.6,1.77,30-Aug-02,NIFTY 100 - TRI,342.98,356.11,296.86,-0.51,7.22,2.41,-4.28,24,15.38,9.81,13.87,41,76.0,221474.0,83.61,9.0,2.06,Financials,-,-,-,0.18,-0.29,-0.45,0.92,17.13,Equity : Large Cap,-3.51,14.3,1% on or before 90D Nil after 90D
Aditya Birla Sun Life,Aditya Birla SL India GenNext Fund(G),EQ-CONS,3.0,3137.6,2.17,5-Aug-05,Nifty India Consumption - TRI,144.75,148.06,120.17,-0.35,8.63,7.64,0.37,28.91,17.97,13.58,17.28,11,75.0,96733.0,60.02,25.3,10.92,Financials,-,-,-,3.98,-0.05,-0.08,0.87,17.43,Equity : Thematic - Consumption,7.84,17.57,1% on or before 30D Nil after 30D
Aditya Birla Sun Life,Aditya Birla SL Infrastructure Fund(G),EQ-INFRA,4.0,549.7,2.55,17-Mar-06,Nifty Infrastructure - TRI,50.46,52.53,40.62,-1.25,13.16,0.92,-2.96,40.18,19.95,5.97,12.53,46,44.0,34379.0,37.82,18.73,37.89,Infrastructure,-,-,-,1.49,-0.17,-0.26,0.88,19.66,Equity : Sectoral - Infrastructure,5.4,20.87,1% on or before 30D Nil after 30D
Aditya Birla Sun Life,Aditya Birla SL Mfg. Equity Fund-Reg(G),EQ-CONS,4.0,662.6,2.51,3-Feb-15,S&P BSE India Manufacturing Index - TRI,19.4,20.77,16.94,-49.13,-45.7,-49.39,-53.22,18.18,14.6,6.78,-,2,42.0,53104.0,49.34,24.84,20.45,FMCG,-,-,-,-5.75,-0.59,-0.9,0.81,17.41,Equity : Thematic - Consumption,7.84,17.57,1% on or before 90D Nil after 90D
Aditya Birla Sun Life,Aditya Birla SL Midcap Fund(G),EQ-MID,2.0,3550.1,2.1,3-Oct-02,Nifty Midcap 150 - TRI,463.16,498.8,401.08,-2.01,5.14,-0.7,-5.71,32.34,20.42,7.91,15.32,18,71.0,28709.0,13.33,69.8,13.29,Financials,-,-,-,-0.78,-0.3,-0.44,0.88,19.05,Equity : Mid Cap,0.53,23.53,1% on or before 90D Nil after 90D
Aditya Birla Sun Life,Aditya Birla SL Pure Value Fund(G),EQ-VAL,3.0,3916.0,2.05,27-Mar-08,NIFTY 500 - TRI,72.31,77.58,59.8,-0.1,9.38,-1.79,-6.5,27.1,16.03,2.87,15.36,132,71.0,36616.0,39.06,25.72,28.54,Financials,-,-,-,-0.86,-0.31,-0.45,1.04,21.63,Equity : Value / Contra,3.04,21.88,1% on or before 90D Nil after 90D
Aditya Birla Sun Life,Aditya Birla SL Regular Savings Fund(G),HY-DT(CO),3.0,1654.0,1.88,22-May-04,CRISIL Hybrid 85+15 - Conservative Index,52.11,52.47,49.22,0.01,2.61,1.56,3.45,12.94,9.24,5.95,9.98,136,49.0,132499.0,16.75,3.61,3.42,Financials,2.61,1.94,7.4,1.23,0.2,0.35,0.51,4.94,Hybrid : Debt Oriented (Conservative),0.59,9.76,1% on or before 90D Nil after 90D
Aditya Birla Sun Life,Aditya Birla SL Small Cap Fund(G),EQ-SML,1.0,2972.0,2.09,31-May-07,S&P BSE 250 Small Cap - TRI,52.71,57.95,43.96,-1.79,8.19,-0.52,-11.06,32.02,20.4,5.26,15.44,41,93.0,8688.0,3.18,18.16,72.66,Capital Goods,-,-,-,-7.94,-0.66,-0.94,0.81,18.85,Equity : Small Cap,2.94,30.51,1% on or before 90D Nil after 90D
Aditya Birla Sun Life,Aditya Birla SL Tax Plan(G),EQ-ELSS,1.0,357.3,2.52,3-Oct-06,NIFTY 500 - TRI,49.07,53.65,43.61,-1.75,4.6,-0.06,-7.89,11.68,8.79,5.43,12.95,25,40.0,104731.0,53.8,32.57,12.02,Financials,-,-,-,-5.37,-0.63,-0.98,0.81,15.73,Equity : Tax Saving (ELSS),-1.86,16.69,Nil
Aditya Birla Sun Life,Aditya Birla SL Tax Relief 96(G),EQ-ELSS,1.0,13555.4,1.77,10-Mar-08,NIFTY 500 - TRI,40.62,44.08,35.92,-1.72,4.98,0.92,-7.11,12.4,9.65,6.21,13.72,27,48.0,100768.0,54.99,30.55,12.91,Financials,-,-,-,-4.46,-0.57,-0.89,0.82,15.82,Equity : Tax Saving (ELSS),-1.86,16.69,Nil
Axis Mutual Fund,Axis Arbitrage Fund-Reg(G),HY-ARB,3.0,3999.3,1.05,14-Aug-14,Nifty 50 Arbitrage,15.56,15.56,14.94,0.41,1.06,1.9,4.06,3.83,3.94,4.84,-,0,85.0,144270.0,56.79,9.24,1.56,Financials,0.33,0.32,6.61,1.26,1.37,2.82,-0.02,0.93,Hybrid : Arbitrage,3.56,3.65,0.25% on or before 7D Nil after 7D
Axis Mutual Fund,Axis Balanced Advantage Fund-Reg(G),HY-DYN,2.0,2377.0,2.04,1-Aug-17,NIFTY 50 Hybrid Composite Debt 50:50 Index,14.27,14.69,13.19,-0.21,4.16,2.66,-2.46,10.96,8.27,6.94,-,0,62.0,213079.0,60.24,7.82,1.3,Financials,2.5,1.95,7.01,-4.54,-0.56,-0.88,0.67,8.75,Hybrid : Dynamic Asset Allocation,1.18,10.47,Nil for 10% of investments and 1% for remaining investments on or before 12M Nil after 12M
Axis Mutual Fund,Axis Childrens Gift Fund-Compulsory Lock in-Reg(G),HY-SOL,4.0,702.6,2.45,8-Dec-15,NIFTY 50 Hybrid Composite Debt 65:35 Index,19.61,21.66,17.64,-1.01,5.37,-1.63,-7.79,16.77,11.8,10.01,-,0,39.0,186471.0,56.86,7.3,7.42,Financials,5.4,2.6,7.16,-9.53,-0.73,-1.12,0.86,13.59,Hybrid : Solution Oriented,-1.53,19.02,NIL
Axis Mutual Fund,Axis Childrens Gift Fund-No Lock in-Reg(G),HY-SOL,3.0,702.6,2.45,8-Dec-15,NIFTY 50 Hybrid Composite Debt 65:35 Index,19.6,21.66,17.64,-1.01,5.37,-1.63,-7.79,16.77,11.8,10.01,-,0,39.0,186471.0,56.86,7.3,7.42,Financials,5.4,2.6,7.16,-9.5,-0.73,-1.12,0.86,13.59,Hybrid : Solution Oriented,-1.53,19.02,3% on or before 1Y 2% after 1Y but on or before 2Y 1% after 2Y but on or before 3Y Nil after 3Y
Axis Mutual Fund,Axis Equity Saver Fund-Reg(G),HY-EQ,2.0,1151.2,2.18,14-Aug-15,NIFTY 50 Equity Savings Index,16.81,17.29,15.69,-0.18,3.64,1.82,-2.5,10.69,8.1,7.73,-,0,60.0,300475.0,61.76,4.62,1.07,Financials,3.15,1.55,7,-4.59,-0.64,-1,0.56,7.66,Hybrid : Equity Oriented,1.35,8.53,Nil upto 10% of investments and 1% for remaining investments on or before 1M Nil after 1M
Axis Mutual Fund,Axis Focused 25 Fund-Reg(G),EQ-MLC,3.0,18087.2,1.77,29-Jun-12,NIFTY 500 - TRI,40.64,48.79,35.77,-2.52,5,-4.83,-18.99,16,10.74,10.11,13.9,139,24.0,204957.0,74.53,9.33,0.53,Financials,-,-,-,-17.31,-1.18,-1.8,0.97,19.28,Equity : Multi Cap,0.07,20.3,Nil for 10% of investments and 1% for remaining investments on or before 12M Nil after 12M
Axis Mutual Fund,Axis Long Term Equity Fund-Reg(G),EQ-ELSS,3.0,31268.5,1.63,29-Dec-09,NIFTY 500 - TRI,66.46,78.1,57.09,-2.26,6.62,-3.17,-16.35,18.14,11.43,10.8,16.64,19,40.0,140846.0,76.93,19.14,2.51,Financials,-,-,-,-14.26,-1,-1.52,0.96,19.5,Equity : Tax Saving (ELSS),-1.86,16.69,Nil
Axis Mutual Fund,Axis Midcap Fund-Reg(G),EQ-MID,3.0,19461.8,1.79,18-Feb-11,S&P BSE 150 MidCap - TRI,68.32,73.07,58.0,-1.36,7.6,2.45,-7.11,27.21,20.88,16.5,18.8,24,65.0,48927.0,24.38,61.29,2.54,Financials,-,-,-,-3.68,-0.47,-0.7,0.83,17.68,Equity : Mid Cap,0.53,23.53,Nil for 10% of investments and 1% for remaining investments on or before 12M Nil after 12M
Axis Mutual Fund,Axis Regular Saver Fund-Reg(G),HY-DT(CO),3.0,449.3,2.17,16-Jul-10,NIFTY 50 Hybrid Composite Debt 15:85 Index,24.44,24.78,23.19,-0.17,2.72,0.84,-0.27,8.21,8.38,6.08,7.84,0,38.0,189861.0,18.02,3.03,2.25,Financials,4.65,2.29,7.54,-2.72,-0.62,-0.98,0.48,4.73,Hybrid : Debt Oriented (Conservative),0.59,9.76,Nil upto 10% of investments and 1% for remaining investments on or before 1M Nil after 1M
Axis Mutual Fund,Axis Small Cap Fund-Reg(G),EQ-SML,2.0,10761.1,1.94,29-Nov-13,Nifty Smallcap 250 - TRI,63.67,65.37,53.74,-0.67,10.16,3.62,3.32,37.68,27.22,19.11,-,10,75.0,10158.0,2.67,17.08,62.32,Chemicals,-,-,-,6.07,0.14,0.2,0.69,16.19,Equity : Small Cap,2.94,30.51,Nil for 10% of investments and 1% for remaining investments on or before 12M Nil after 12M
Bank of India Mutual Fund,Bank of India Large & Mid Cap Equity Fund-Reg(G),EQ-L&M,3.0,206.6,2.6,21-Oct-08,S&P BSE 250 LargeMidCap Index - TRI,55.41,58.5,46.82,-2.14,8.14,3.03,-5.39,24.46,17.12,8.84,11.93,61,43.0,94043.0,54.37,32.07,9.01,Financials,-,-,-,-1.16,-0.34,-0.51,0.9,18.11,Equity : Large & Mid Cap,-1.58,18.24,NIL upto 10% of units and 1% for in execss of above Limit on or before 1Y NIL after 1Y
Bank of India Mutual Fund,Bank of India Mid & Small Cap Equity & Debt Fund-Reg(G),HY-EQ,5.0,382.0,2.6,20-Jul-16,Nifty MidSmallcap 400 - TRI,22.61,25.08,19.61,-1.44,8.08,-3.58,-6.03,28,24.4,10.95,-,108,46.0,18211.0,3.83,46.75,29.15,Financials,0.95,0.77,6.63,-6.73,-0.4,-0.61,0.38,17.18,Hybrid : Equity Oriented,1.35,8.53,NIL upto 10% of units and 1% for in execss of above Limit on or before 1Y NIL after 1Y
Bank of India Mutual Fund,Bank of India Tax Advantage Fund-Reg(G),EQ-ELSS,5.0,645.6,2.5,25-Feb-09,S&P BSE 500 - TRI,99.88,106.1,83.08,-0.87,10.77,3.19,-6.81,26.5,23.37,13.62,15.98,81,50.0,110411.0,59.89,30.92,9.26,Financials,-,-,-,-2.72,-0.42,-0.63,0.93,18.66,Equity : Tax Saving (ELSS),-1.86,16.69,Nil
Baroda BNP Paribas Mutual Fund,Baroda BNP Paribas Aggressive Hybrid Fund-Reg(G),HY-EQ,4.0,768.5,2.26,7-Apr-17,CRISIL Hybrid 35+65 - Aggressive Index,18.59,19.16,16.61,-0.6,6.1,1.66,-3.32,19,13.76,11.66,-,119,39.0,225546.0,61.51,6.4,4.29,Financials,2.56,1.53,7.57,-4.18,-0.34,-0.52,0.85,13.76,Hybrid : Equity Oriented,1.35,8.53,Nil upto 10% of units and 1 % for in excess of limits on or before 12M Nil after 12M
Baroda BNP Paribas Mutual Fund,Baroda BNP Paribas Arbitrage Fund-Reg(G),HY-ARB,4.0,494.5,1.1,28-Dec-16,Nifty 50 Arbitrage,13.37,13.37,12.93,0.38,1.03,1.64,3.3,3.6,3.93,4.87,-,2108,72.0,52352.0,29.08,20.77,17.84,Financials,0.52,0.48,6.5,0.53,0.6,1.19,-0.01,0.91,Hybrid : Arbitrage,3.56,3.65,0.25% on or before 1M Nil after 1M
Baroda BNP Paribas Mutual Fund,Baroda BNP Paribas Conservative Hybrid Fund-Reg(G),HY-DT(CO),2.0,510.8,2.42,23-Sep-04,CRISIL Hybrid 85+15 - Conservative Index,35.25,35.56,33.54,-0.03,2.51,1.62,0.15,6.19,6.05,5.67,7.79,0,42.0,227678.0,18.53,2.43,1.52,Financials,3.78,1.85,7.58,-2.14,-0.54,-0.83,0.56,4.4,Hybrid : Debt Oriented (Conservative),0.59,9.76,1% on or before 6M Nil after 6M
Baroda BNP Paribas Mutual Fund,Baroda BNP Paribas ELSS Fund-Reg(G),EQ-ELSS,2.0,676.6,2.33,5-Jan-06,NIFTY 500 - TRI,57.78,63.04,50.5,-0.25,6.5,0.27,-8.63,17.62,13.05,8.97,13.94,59,55.0,170345.0,70.91,16.98,9.23,Financials,-,-,-,-4.91,-0.57,-0.87,0.92,17.43,Equity : Tax Saving (ELSS),-1.86,16.69,Nil
Baroda BNP Paribas Mutual Fund,Baroda BNP Paribas Focused Fund-Reg(G),EQ-FLEX,2.0,270.3,2.43,6-Oct-17,NIFTY 500 - TRI,14.83,15.32,12.88,-1.91,6.8,1.41,-4.59,21.79,14.42,8.04,-,97,22.0,208886.0,75.55,16.82,1.15,Financials,-,-,-,-0.1,-0.29,-0.44,0.93,18.12,Equity : Flexi Cap,-2.7,16.46,Nil upto 10% of units within 12M In excess of limit - 1% on or before 12M and Nil after 12M
Baroda BNP Paribas Mutual Fund,Baroda BNP Paribas Large Cap Fund-Reg(G),EQ-LC,2.0,1326.8,2.14,23-Sep-04,NIFTY 100 - TRI,141.12,146.62,123.24,-0.11,7.07,3.04,-4.31,20.49,13.83,11.37,14.37,42,47.0,288117.0,85.61,4.79,0.85,Financials,-,-,-,-0.18,-0.31,-0.49,0.93,17.16,Equity : Large Cap,-3.51,14.3,Nil upto 10% of Units within 12M 1% exceding 10% of Units within 12M Nil after 12M
Baroda BNP Paribas Mutual Fund,Baroda BNP Paribas Mid Cap Fund-Reg(G),EQ-MID,4.0,1200.8,2.19,2-May-06,Nifty Midcap 150 - TRI,59.87,61.7,50.35,-0.66,8.68,2.01,-3.6,32.95,24.12,11.04,18.04,62,52.0,36417.0,14.53,69.97,9.23,Financials,-,-,-,0.93,-0.21,-0.31,0.86,18.47,Equity : Mid Cap,0.53,23.53,Nil upto 10% of Units within 12M 1% exceding 10% of Units within 12M Nil after 12M
Baroda BNP Paribas Mutual Fund,Baroda BNP Paribas Multi Cap Fund-Reg(G),EQ-MLC,4.0,1655.8,2.27,12-Sep-03,Nifty500 Multicap 50:25:25 - TRI,169.66,183.69,144.91,-0.35,8.33,-0.41,-8.43,29.73,20.28,11.16,13.42,61,60.0,65462.0,41.64,27.36,25.42,Financials,-,-,-,-3.18,-0.45,-0.68,0.94,18.55,Equity : Multi Cap,0.07,20.3,1% on or before 365D Nil after 365D
Canara Robeco,Canara Rob Conservative Hybrid Fund-Reg(G),HY-DT(CO),4.0,1138.5,1.8,31-Mar-96,CRISIL Hybrid 85+15 - Conservative Index,76.27,77.13,72.87,-0.34,2.52,1.58,0.7,8.06,8.87,7.64,8.6,244,38.0,166891.0,16.32,2.96,3.14,Financials,3,2.42,7.16,-1.76,-0.45,-0.69,0.47,4.44,Hybrid : Debt Oriented (Conservative),0.59,9.76,Nil upto 10% of units on or before 1Y 1% for more than 10% of units on or before 1Y Nil after 1Y
Canara Robeco,Canara Rob Consumer Trends Fund-Reg(G),EQ-CONS,4.0,937.5,2.38,14-Sep-09,S&P BSE 100 - TRI,71.6,73.31,58.07,-0.21,10.17,9.51,2.24,28.49,19.41,15.32,16.85,55,36.0,125286.0,67.52,20.71,7.19,Financials,0.01,-,-,6.17,0.07,0.1,0.9,18.15,Equity : Thematic - Consumption,7.84,17.57,1% on or before 1Y Nil after 1Y
Canara Robeco,Canara Rob Emerg Equities Fund-Reg(G),EQ-L&M,4.0,14868.7,1.82,11-Mar-05,NIFTY LargeMidcap 250 - TRI,162.84,172.08,139.48,-1.09,7.62,2.96,-5.71,26.54,20.79,12.48,20.22,25,54.0,130991.0,55.91,35.98,3.22,Financials,0.01,-,-,-1.71,-0.38,-0.58,0.9,17.67,Equity : Large & Mid Cap,-1.58,18.24,1% on or before 1Y Nil after 1Y
Canara Robeco,Canara Rob Equity Hybrid Fund-Reg(G),HY-EQ,4.0,8178.6,1.84,1-Feb-93,CRISIL Hybrid 35+65 - Aggressive Index,246.15,256.28,218.87,-0.65,6.13,2.1,-3.31,17.44,14.78,11.39,13.6,93,50.0,196802.0,53.65,16.61,0.95,Financials,2.25,1.86,6.89,-4.41,-0.37,-0.58,0.88,13.06,Hybrid : Equity Oriented,1.35,8.53,Nil upto 10% of units on or before 1Y 1% for more than 10% of units on or before 1Y Nil after 1Y
Canara Robeco,Canara Rob Equity Tax Saver Fund-Reg(G),EQ-ELSS,4.0,4176.1,1.97,2-Feb-09,S&P BSE 500 - TRI,116.49,122.66,99.21,-1.03,7.99,4.12,-4.35,24.79,20.54,15.42,15.14,37,55.0,179682.0,71.42,23.84,1.86,Financials,0.01,-,-,-,-0.29,-0.45,0.93,17.59,Equity : Tax Saving (ELSS),-1.86,16.69,Nil
Canara Robeco,Canara Rob Flexi Cap Fund-Reg(G),EQ-FLEX,4.0,8243.0,1.85,16-Sep-03,S&P BSE 500 - TRI,221.87,239.72,193.2,-1.2,7.06,1.45,-7.15,21.79,17.44,13.2,13.76,36,55.0,199474.0,70.97,22.86,1.88,Financials,0.01,-,-,-3.15,-0.47,-0.73,0.93,17.49,Equity : Flexi Cap,-2.7,16.46,1% on or before 1Y Nil after 1Y
Canara Robeco,Canara Rob Infrastructure Fund-Reg(G),EQ-INFRA,3.0,242.1,2.54,2-Dec-05,S&P BSE India Infrastructure Index - TRI,81.99,88.11,67.29,-4.8,9.96,7.7,8.72,42.92,22.99,10.61,13.6,25,31.0,64424.0,56.13,22.26,17.56,Capital Goods,0.01,-,-,12.55,0.46,0.72,0.79,17.79,Equity : Sectoral - Infrastructure,5.4,20.87,1% on or before 1Y Nil after 1Y
DSP Mutual Fund,DSP Dynamic Asset Allocation Fund-Reg(G),HY-DYN,3.0,4483.7,1.89,6-Feb-14,CRISIL Hybrid 50+50 - Moderate Index,19.88,20.42,18.46,-1.35,3.22,1.75,-1.33,8.45,7.65,6.83,-,704,108.0,131322.0,45.18,17.79,3.02,Financials,1.9,1.63,6.98,-3.5,-0.53,-0.83,0.61,7.27,Hybrid : Dynamic Asset Allocation,1.18,10.47,Nil for 10% of investment and 1% for remaining Investment on or before 12M Nil after 12M
DSP Mutual Fund,DSP Equity & Bond Fund-Reg(G),HY-EQ,4.0,7509.2,1.85,27-May-99,CRISIL Hybrid 35+65 - Aggressive Index,229.07,244.41,202.66,-1.21,5.77,0.86,-7.14,17.9,12.67,9.81,12.76,105,53.0,109532.0,45.98,21.63,7.22,Financials,1.75,1.53,7.09,-8.52,-0.67,-1.01,0.96,13.61,Hybrid : Equity Oriented,1.35,8.53,NIL upto 10% of investment within 12M 1% exceding 10% of investment within 12M NIL after 12M
DSP Mutual Fund,DSP Equity Opportunities Fund-Reg(G),EQ-L&M,3.0,7011.1,1.88,16-May-00,NIFTY LargeMidcap 250 - TRI,355.88,375.81,303.35,-1.06,7.2,3.09,-5.97,25.86,16.14,10.69,15.5,45,63.0,84451.0,52.01,35.43,8.45,Financials,-,-,-,-2.04,-0.4,-0.61,0.86,16.89,Equity : Large & Mid Cap,-1.58,18.24,1% before 12M Nil on or after 12M
DSP Mutual Fund,DSP Equity Savings Fund-Reg(G),HY-EQ,2.0,519.0,1.45,28-Mar-16,NIFTY 50 Equity Savings Index - TRI,16.47,16.59,15.59,0.17,2.33,1.88,1.03,11.65,8.44,6.25,-,414,79.0,104202.0,45.82,12.91,7.24,Financials,1.64,1.41,6.8,-1.36,-0.3,-0.49,0.26,5.04,Hybrid : Equity Oriented,1.35,8.53,Nil
DSP Mutual Fund,DSP Flexi Cap Fund-Reg(G),EQ-FLEX,4.0,7822.0,1.85,7-Jun-07,NIFTY 500 - TRI,63.57,69.88,54.31,-1.78,7.21,1.05,-10.31,23.4,15.03,11.59,14.24,28,54.0,110842.0,61.12,29.46,8.85,Financials,-,-,-,-6.65,-0.65,-1,0.91,18.0,Equity : Flexi Cap,-2.7,16.46,1% on or before 12M Nil after 12M
DSP Mutual Fund,DSP Focus Fund-Reg(G),EQ-MLC,2.0,1920.4,2.13,10-Jun-10,NIFTY 500 - TRI,33.68,35.88,28.33,-0.3,8.4,3.23,-4.54,18.67,11.55,8.33,12.7,36,27.0,86930.0,57.1,35.02,4.34,Financials,-,-,-,-0.71,-0.32,-0.5,0.81,16.51,Equity : Multi Cap,0.07,20.3,1% before 12M Nil on or after 12M
DSP Mutual Fund,DSP India T.I.G.E.R Fund-Reg(G),EQ-INFRA,3.0,1661.7,2.23,11-Jun-04,S&P BSE 100 - TRI,156.64,163.16,129.24,-2.09,10.43,4.78,4.9,43.58,19.7,10.84,13.52,33,59.0,35761.0,35.37,26.49,34.06,Capital Goods,-,-,-,8.85,0.26,0.39,0.78,17.49,Equity : Sectoral - Infrastructure,5.4,20.87,1% before 12M Nil on or after 12M
DSP Mutual Fund,DSP Midcap Fund-Reg(G),EQ-MID,2.0,14145.4,1.76,14-Nov-06,Nifty Midcap 150 - TRI,87.64,96.36,75.19,-1.43,6.38,-0.02,-10.1,19.49,16.97,9.8,16.7,28,53.0,28390.0,11.96,68.07,16.1,Financials,-,-,-,-7.08,-0.66,-0.99,0.8,17.42,Equity : Mid Cap,0.53,23.53,1% before 12M Nil on or after 12M
DSP Mutual Fund,DSP Regular Savings Fund-Reg(G),HY-DT(CO),2.0,202.4,1.21,11-Jun-04,CRISIL Hybrid 85+15 - Conservative Index,44.26,44.71,42.43,-0.12,1.41,0.42,0.58,6.97,6.59,4.2,7.11,0,21.0,110329.0,17.0,3.01,3.69,Financials,2.18,1.87,7.29,-1.97,-0.52,-0.84,0.44,4.18,Hybrid : Debt Oriented (Conservative),0.59,9.76,Nil
DSP Mutual Fund,DSP Tax Saver Fund-Reg(G),EQ-ELSS,4.0,10002.3,1.74,18-Jan-07,NIFTY 500 - TRI,81.08,84.75,70.15,-1.18,6.16,0.35,-4.66,27.69,17.32,11.98,16.45,44,56.0,114926.0,66.59,19.3,11.34,Financials,-,-,-,-0.28,-0.3,-0.46,0.89,17.24,Equity : Tax Saving (ELSS),-1.86,16.69,Nil
DSP Mutual Fund,DSP Top 100 Equity Fund-Reg(G),EQ-LC,1.0,2654.8,2.08,10-Mar-03,S&P BSE 100 - TRI,289.35,305.33,247.19,-0.64,7.12,4.08,-5.7,18.18,10.3,7.73,10.61,49,33.0,168620.0,84.26,13.5,0.91,Financials,-,-,-,-1.97,-0.4,-0.63,0.88,17.04,Equity : Large Cap,-3.51,14.3,1% before 12M Nil on or after 12M
Edelweiss Mutual Fund,Edelweiss Arbitrage Fund-Reg(G),HY-ARB,4.0,5586.3,1.07,27-Jun-14,Nifty 50 Arbitrage,16.06,16.06,15.43,0.43,1.15,2.01,3.98,3.88,4.12,4.99,-,1496,156.0,83054.0,40.75,19.98,6.73,Financials,0.35,0.34,6.37,1.18,1.34,2.7,-0.02,0.9,Hybrid : Arbitrage,3.56,3.65,0.10% on or before 30D Nil after 30D
Edelweiss Mutual Fund,Edelweiss Balanced Advantage Fund-Reg(G),HY-DYN,5.0,8682.9,1.77,20-Aug-09,NIFTY 50 Hybrid Composite Debt 50:50 Index,36.18,36.87,32.99,-0.25,5.27,1.66,-1.95,15.72,14.41,10.43,11.18,347,84.0,188140.0,58.93,10.42,2.94,Financials,1.5,1.28,6.65,-3.63,-0.42,-0.67,0.56,9.47,Hybrid : Dynamic Asset Allocation,1.18,10.47,Nil for 10% of Units on or before 365D For remaining units 1% on or before 365D and Nil after 365D
Edelweiss Mutual Fund,Edelweiss Equity Savings Fund-Reg(G),HY-EQ,2.0,294.5,2.07,13-Oct-14,NIFTY 50 Equity Savings Index,18.65,18.8,17.58,0.24,3.73,1.9,0.31,10.09,9.25,7.93,-,538,72.0,186812.0,56.31,6.15,3.01,Financials,1.85,1.6,6.71,-2.02,-0.37,-0.61,0.29,5.81,Hybrid : Equity Oriented,1.35,8.53,Nil
Edelweiss Mutual Fund,Edelweiss Flexi Cap Fund-Reg(G),EQ-FLEX,3.0,1018.8,2.23,3-Feb-15,NIFTY 500 - TRI,23.1,24.13,19.68,-0.89,8.18,2.85,-3.56,25.36,16.29,11.59,-,38,54.0,176758.0,74.35,15.35,7.14,Financials,-,-,-,0.91,-0.24,-0.37,0.93,17.76,Equity : Flexi Cap,-2.7,16.46,1% on or before 12M Nil after 12M
Edelweiss Mutual Fund,Edelweiss Large & Mid Cap Fund-Reg(G),EQ-L&M,4.0,1542.9,2.21,14-Jun-07,NIFTY LargeMidcap 250 - TRI,53.7,55.61,45.05,-0.91,8.67,3.81,-2.56,27.48,18.92,13.08,14.6,23,67.0,100461.0,56.46,31.56,7.55,Financials,-,-,-,2.02,-0.17,-0.26,0.91,17.9,Equity : Large & Mid Cap,-1.58,18.24,1% on or before 12M Nil after 12M
Edelweiss Mutual Fund,Edelweiss Long Term Equity Fund (Tax Savings)-Reg(G),EQ-ELSS,3.0,200.3,2.42,30-Dec-08,NIFTY 500 - TRI,70.91,74.87,60.81,-0.95,7.7,1.79,-3.86,22.9,14.62,9.37,13.26,42,53.0,178902.0,73.89,15.37,6.95,Financials,-,-,-,0.71,-0.25,-0.39,0.95,18.06,Equity : Tax Saving (ELSS),-1.86,16.69,Nil
Edelweiss Mutual Fund,Edelweiss Mid Cap Fund-Reg(G),EQ-MID,4.0,2290.5,2.08,26-Dec-07,Nifty Midcap 150 - TRI,52.91,55.1,42.95,-1.86,9.72,4.92,-1.49,36.63,26.38,14.45,20.09,37,61.0,26051.0,12.36,62.53,20.41,Financials,-,-,-,3.65,-0.07,-0.1,0.9,19.83,Equity : Mid Cap,0.53,23.53,1% on or before 12M Nil after 12M
Franklin India Mutual Fund,Franklin Build India Fund(G),EQ-INFRA,2.0,1149.2,2.29,4-Sep-09,S&P BSE India Infrastructure Index - TRI,68.61,71.08,56.59,-1.47,11.16,6.64,1.47,40.84,19.33,11.9,18.42,39.82,36.0,63831.0,51.45,17.08,25.99,Energy,-,-,-,6.12,0.07,0.11,0.87,18.12,Equity : Sectoral - Infrastructure,5.4,20.87,1% on or before 1Y
Franklin India Mutual Fund,Franklin India Debt Hybrid Fund(G),HY-DT(CO),2.0,259.8,1.39,28-Sep-00,CRISIL Hybrid 85+15 - Conservative Index,69.39,70.03,65.82,0.08,3.04,2.16,1.14,7.7,6.37,5.83,8.24,0,41.0,138678.0,17.87,2.48,3.21,Financials,2.98,2.38,7.02,-1.13,-0.33,-0.52,0.48,4.33,Hybrid : Debt Oriented (Conservative),0.59,9.76,Nil
Franklin India Mutual Fund,Franklin India Equity Advantage Fund(G),EQ-L&M,3.0,2690.3,2.11,2-Mar-05,NIFTY LargeMidcap 250 - TRI,120.4,132.03,106.47,-1.74,3.76,0.25,-9.47,28.15,15.71,9.35,13.59,90.15,50.0,83705.0,47.91,44.37,1.52,Financials,-,-,-,-3.91,-0.48,-0.73,0.95,19.05,Equity : Large & Mid Cap,-1.58,18.24,1% on or before 1Y
Franklin India Mutual Fund,Franklin India Equity Hybrid Fund(G),HY-EQ,4.0,1363.0,2.22,10-Dec-99,CRISIL Hybrid 35+65 - Aggressive Index,178.99,182.92,157.95,-0.11,6.83,3.09,-2.42,21.19,13.85,9.66,13.08,78.98,44.0,136841.0,52.05,7.03,9.64,Financials,2.94,2.41,7.07,-3.33,-0.3,-0.47,0.8,12.47,Hybrid : Equity Oriented,1.35,8.53,Nil upto 10% of units on or before 1Y For excess units 1% on or before 1Y & Nil after 1Y
Franklin India Mutual Fund,Franklin India Flexi Cap Fund(G),EQ-FLEX,4.0,10001.9,1.84,29-Sep-94,NIFTY 500 - TRI,983.31,1017.2,834.04,0.07,8.83,2.97,-2.43,32.23,19.63,11.74,15.23,18.06,52.0,146630.0,73.64,12.05,7.97,Financials,-,-,-,2.12,-0.17,-0.26,0.93,17.9,Equity : Flexi Cap,-2.7,16.46,1% on or before 1Y
Franklin India Mutual Fund,Franklin India Focused Equity Fund(G),EQ-MLC,3.0,8072.0,1.86,26-Jul-07,NIFTY 500 - TRI,69.07,70.79,57.8,-0.44,9.34,6.24,1.53,35.62,19.78,13.27,17.67,43.94,28.0,156043.0,71.76,14.49,9.3,Financials,4.82,3.33,14.04,5.7,0.05,0.08,0.88,17.07,Equity : Multi Cap,0.07,20.3,1% on or before 1Y
Franklin India Mutual Fund,Franklin India Opportunities Fund(G),EQ-THEM,3.0,668.7,2.53,21-Feb-00,NIFTY 500 - TRI,118.93,128.94,97.26,-1.68,9.88,6.7,-7.92,25.36,17.96,10.79,14.27,76.25,35.0,59841.0,42.36,32.97,14.99,Capital Goods,-,-,-,-3.75,-0.47,-0.73,0.96,19.09,Equity : Thematic,7.27,15.07,1% on or before 1Y
Franklin India Mutual Fund,Franklin India Pension Plan(G),HY-SOL,2.0,445.9,2.28,31-Mar-97,Crisil Composite Bond Fund Index,162.13,164.44,150.28,0.0,4.21,2.15,-0.28,9.37,7.43,6.38,9.48,0,41.0,138847.0,29.61,3.97,5.34,Financials,3.01,2.49,7.14,-2.27,-0.38,-0.59,0.63,6.92,Hybrid : Solution Oriented,-1.53,19.02,3% on or beofre the 58Y of age Nil after age of 58Y
Franklin India Mutual Fund,Franklin India Prima Fund(G),EQ-MID,2.0,7579.1,1.89,1-Dec-93,Nifty Midcap 150 - TRI,1525.3,1609.67,1238.33,-1.06,10.54,5.63,-6.83,28.29,17.38,10.1,17.56,34.4,66.0,35484.0,15.62,69.18,12.06,Financials,-,-,-,-2.65,-0.4,-0.6,0.9,19.01,Equity : Mid Cap,0.53,23.53,1% on or before 1Y
Franklin India Mutual Fund,Franklin India Smaller Cos Fund(G),EQ-SML,1.0,7135.4,1.92,13-Jan-06,Nifty Smallcap 250 - TRI,93.79,96.83,76.34,-0.5,11.78,4.03,-0.7,40.96,24.09,10.09,19.42,16.42,78.0,10485.0,5.81,12.2,78.39,Financials,-,-,-,3,-0.08,-0.12,0.82,18.85,Equity : Small Cap,2.94,30.51,1% on or before 1Y
Franklin India Mutual Fund,Franklin India Taxshield(G),EQ-ELSS,3.0,4749.4,1.91,10-Apr-99,NIFTY 500 - TRI,884.39,912.32,748.09,-0.05,8.9,3.17,-3.69,30.31,16.26,10.58,14.51,36.62,54.0,148302.0,74.02,11.47,8.04,Financials,-,-,-,1.81,-0.19,-0.29,0.95,18.23,Equity : Tax Saving (ELSS),-1.86,16.69,Nil
HDFC Mutual Fund,HDFC Arbitrage-WP(G),HY-ARB,2.0,5897.3,0.95,23-Oct-07,Nifty 50 Arbitrage,25.39,25.39,24.47,0.46,1.14,1.97,3.63,3.7,3.74,4.6,5.93,251.43,126.0,139910.0,53.1,11.3,3.44,Financials,0.26,0.25,6.46,0.86,0.95,1.93,-0.01,0.9,Hybrid : Arbitrage,3.56,3.65,0.25% on or before 1M Nil after 1M
HDFC Mutual Fund,HDFC Balanced Advantage Fund(G),HY-DYN,4.0,47230.1,1.64,11-Sep-00,NIFTY 50 Hybrid Composite Debt 50:50 Index,310.97,315.31,267.55,0.0,8.04,5.55,6.76,31.95,17.04,11.99,12.97,23.28,74.0,144118.0,48.46,7.39,8.45,Financials,3.36,1.51,6.58,5.72,0.46,0.72,0.44,11.96,Hybrid : Dynamic Asset Allocation,1.18,10.47,Nil upto 15% of Units For excess Units 1% on or before 1Y and Nil after 1Y
HDFC Mutual Fund,HDFC Capital Builder Value Fund(G),EQ-VAL,2.0,5324.2,2.0,1-Feb-94,NIFTY 500 - TRI,439.23,457.65,372.06,0.09,9.48,1.77,-2.96,26.11,16.53,9.67,14.39,5.66,69.0,124757.0,70.4,15.19,13.85,Financials,-,-,-,1.51,-0.2,-0.31,0.91,17.6,Equity : Value / Contra,3.04,21.88,1% on or before 1Y Nil after 1Y
HDFC Mutual Fund,HDFC Childrens Gift Fund,HY-SOL,4.0,5777.4,1.96,2-Mar-01,NIFTY 50 Hybrid Composite Debt 65:35 Index,192.98,197.09,169.82,-0.45,6.66,5.59,1.13,22.36,16.59,11.65,14.79,3.57,46.0,88456.0,39.71,5.19,21.98,Financials,3.61,2.48,6.99,0.03,-0.03,-0.05,0.73,12.26,Hybrid : Solution Oriented,-1.53,19.02,Nil
HDFC Mutual Fund,HDFC Equity Savings Fund(G),HY-EQ,2.0,2576.8,2.06,17-Sep-04,NIFTY 50 Equity Savings Index - TRI,49.63,50.06,46.27,0.06,4.15,2.38,1.84,15.48,10.34,7.67,9.18,30.74,74.0,161949.0,57.21,4.92,4.1,Financials,1.67,1.04,6.43,-0.13,-0.05,-0.07,0.33,6.54,Hybrid : Equity Oriented,1.35,8.53,NIL upto 15% of investment and 1% in excess of 15% of investment on or before 3M NIL after 3M
HDFC Mutual Fund,HDFC Flexi Cap Fund(G),EQ-FLEX,3.0,29749.0,1.74,1-Jan-95,NIFTY 500 - TRI,1097.33,1123.55,922.02,-0.14,10.29,5.3,5.31,37.84,19.36,13.23,14.63,32.98,53.0,181999.0,77.8,8.06,5.75,Financials,1.14,0.92,6.78,9.93,0.29,0.46,0.88,17.41,Equity : Flexi Cap,-2.7,16.46,1% on or before 1Y Nil after 1Y
HDFC Mutual Fund,HDFC Focused 30 Fund(G),EQ-MLC,2.0,2329.1,2.14,17-Sep-04,NIFTY 500 - TRI,128.4,130.71,105.09,0.2,10.73,7.25,9.22,38.85,19.01,10.57,12.78,47.44,29.0,146949.0,76.44,7.2,6.43,Financials,-,-,-,13.61,0.54,0.86,0.84,16.58,Equity : Multi Cap,0.07,20.3,1% on or before 1Y Nil after 1Y
HDFC Mutual Fund,HDFC Hybrid Debt Fund(G),HY-DT(CO),4.0,2706.5,1.83,26-Dec-03,NIFTY 50 Hybrid Composite Debt 15:85 Index,61.3,61.84,57.9,-0.14,3.27,2.19,2.07,12.18,9.77,7.19,9.04,0,41.0,137484.0,16.3,3.04,2.83,Financials,4.86,3.12,7.4,0.03,-0.04,-0.06,0.46,4.65,Hybrid : Debt Oriented (Conservative),0.59,9.76,Nil for 15% of investment and 1% for remaining Investment on or before 1Y Nil after 1Y
HDFC Mutual Fund,HDFC Hybrid Equity Fund(G),HY-EQ,4.0,18413.9,1.84,6-Apr-05,NIFTY 50 Hybrid Composite Debt 65:35 Index,82.56,84.62,72.57,-0.81,7.23,3.46,0.78,23.58,15.53,9.59,11.4,11.22,35.0,173709.0,52.72,6.63,9.13,Financials,2.13,1.65,6.74,-0.03,-0.03,-0.05,0.77,13.0,Hybrid : Equity Oriented,1.35,8.53,Nil upto 15% of Units For excess Units 1% on or before 1Y and Nil after 1Y
HDFC Mutual Fund,HDFC Infrastructure Fund(G),EQ-INFRA,1.0,594.2,2.6,10-Mar-08,S&P BSE India Infrastructure Index - TRI,22.56,23.68,18.09,-2.03,12.56,6.91,5.15,43.76,14.43,3.3,7.73,16.82,45.0,22638.0,45.08,6.63,46.2,Infrastructure,-,-,-,10.18,0.27,0.41,0.87,20.01,Equity : Sectoral - Infrastructure,5.4,20.87,1% on or before 1Y Nil after 1Y
HDFC Mutual Fund,HDFC Large and Mid Cap Fund-Reg(G),EQ-L&M,4.0,7070.7,1.89,18-Feb-94,NIFTY LargeMidcap 250 - TRI,194.74,202.02,164.66,-1.16,7.74,3.51,-2.43,34.45,20.56,13.12,12.23,16.11,145.0,84686.0,49.9,39.27,7.91,Financials,-,-,-,3.07,-0.11,-0.17,0.94,18.78,Equity : Large & Mid Cap,-1.58,18.24,1% on or before 1Y Nil after 1Y
HDFC Mutual Fund,HDFC Mid-Cap Opportunities Fund(G),EQ-MID,3.0,34158.2,1.71,25-Jun-07,Nifty Midcap 150 - TRI,99.02,102.75,80.28,-0.99,10.87,6.46,2.29,35.76,24.18,12.52,18.67,19.39,62.0,25746.0,12.18,66.27,18.55,Financials,-,-,-,6.8,0.11,0.17,0.85,18.83,Equity : Mid Cap,0.53,23.53,1% on or before 1Y Nil after 1Y
HDFC Mutual Fund,HDFC Retirement Savings Fund-Equity Plan-Reg(G),HY-SOL,5.0,2407.0,2.17,25-Feb-16,NIFTY 500 - TRI,30.2,31.07,25.98,-1.17,7.25,3.48,-0.43,31.81,21.54,13.21,-,17.17,68.0,62571.0,46.67,10.24,30.45,Financials,-,-,-,-0.83,-0.07,-0.11,0.59,16.16,Hybrid : Solution Oriented,-1.53,19.02,NIL - Upon completion of Lock-in Period
HDFC Mutual Fund,HDFC Retirement Savings Fund-Hybrid-Debt Plan-Reg(G),HY-SOL,2.0,144.6,2.15,25-Feb-16,NIFTY 50 Hybrid Composite Debt 15:85 Index,16.75,16.96,15.89,-0.43,2.65,2.77,2.41,7.6,7.51,6.03,-,0,47.0,89288.0,13.61,1.8,5.72,Financials,8.09,4.7,7.19,-0.1,-0.11,-0.17,0.71,3.84,Hybrid : Solution Oriented,-1.53,19.02,NIL - Upon completion of Lock-in Period
HDFC Mutual Fund,HDFC Retirement Savings Fund-Hybrid-Equity Plan-Reg(G),HY-SOL,4.0,873.0,2.39,25-Feb-16,NIFTY 50 Hybrid Composite Debt 65:35 Index,25.44,26.07,22.81,-0.65,5.21,3.05,-1.95,20.44,15.03,10.6,-,11.21,58.0,75322.0,37.48,7.88,21.13,Financials,3.12,2.02,6.73,-3.25,-0.3,-0.46,0.62,12.01,Hybrid : Solution Oriented,-1.53,19.02,NIL - Upon completion of Lock-in Period
HDFC Mutual Fund,HDFC Small Cap Fund-Reg(G),EQ-SML,2.0,13879.9,1.88,3-Apr-08,S&P BSE 250 Small Cap - TRI,76.59,79.18,61.07,-0.2,11.18,3.62,-1.0,41.89,25.5,13.8,17.75,11.03,68.0,7326.0,3.78,8.85,81.22,Financials,-,-,-,3.05,-0.08,-0.11,0.82,19.88,Equity : Small Cap,2.94,30.51,1% on or before 1Y Nil after 1Y
HDFC Mutual Fund,HDFC TaxSaver(G),EQ-ELSS,2.0,9593.5,1.88,31-Mar-96,NIFTY 500 - TRI,789.99,810.38,671.2,0.28,9.13,6.17,2.75,30.21,16.28,9.16,12.96,54.78,36.0,183366.0,86.47,7.26,1.8,Financials,-,-,-,6.8,0.13,0.21,0.85,16.26,Equity : Tax Saving (ELSS),-1.86,16.69,Nil
HSBC Mutual Fund,HSBC Flexi Cap Fund(G),EQ-FLEX,3.0,405.5,2.5,24-Feb-04,NIFTY 500 - TRI,127.78,142.83,109.9,-1.11,7.32,-2.27,-8.16,21.81,15.48,7.97,13.19,46,51.0,132536.0,67.09,15.61,15.56,Financials,-,-,-,-3,-0.44,-0.68,1.02,19.59,Equity : Flexi Cap,-2.7,16.46,1% on or before 1Y Nil after 1Y
HSBC Mutual Fund,HSBC Infra Equity Fund(G),EQ-INFRA,4.0,116.7,2.56,23-Feb-06,S&P BSE India Infrastructure Index - TRI,27.07,28.86,22.3,-3.85,10.34,4.25,1.14,44.46,21.49,2.5,8.74,30,30.0,55717.0,46.01,30.07,22.49,Capital Goods,-,-,-,6.02,0.06,0.1,0.87,19.62,Equity : Sectoral - Infrastructure,5.4,20.87,1% on or before 1Y Nil after 1Y
HSBC Mutual Fund,HSBC Small Cap Equity Fund(G),EQ-SML,3.0,296.1,2.5,19-May-05,S&P BSE 250 Small Cap - TRI,81.24,97.13,68.02,-2.0,8.93,-5.26,-14.12,31.07,22.45,6.9,15.06,37,47.0,11374.0,1.43,24.94,68.15,Healthcare,-,-,-,-10.51,-0.74,-1.1,0.85,20.52,Equity : Small Cap,2.94,30.51,1% on or before 1Y Nil after 1Y
HSBC Mutual Fund,HSBC Tax Saver Equity Fund(G),EQ-ELSS,3.0,188.4,2.49,5-Jan-07,NIFTY 500 - TRI,56.18,60.36,47.91,-0.68,7.27,1.18,-6.35,24.27,15.47,8.66,13.5,39,38.0,159542.0,68.54,16.08,12.81,Financials,-,-,-,-0.86,-0.34,-0.53,1.02,19.31,Equity : Tax Saving (ELSS),-1.86,16.69,Nil
ICICI Prudential Mutual Fund,ICICI Pru Balanced Advantage Fund(G),HY-DYN,3.0,42989.2,1.58,30-Dec-06,CRISIL Hybrid 50+50 - Moderate Index,51.99,52.24,47.71,0.39,4.34,4.38,4.89,16,12.1,9.94,12.29,21,70.0,267750.0,58.92,6.26,0.64,Financials,5.45,0.8,6.71,2.57,0.36,0.58,0.37,6.49,Hybrid : Dynamic Asset Allocation,1.18,10.47,Nil upto 10% of units and 1% for Excess units on or before 1Y Nil after 1Y
ICICI Prudential Mutual Fund,ICICI Pru Banking & Fin Serv Fund(G),EQ-FIN,3.0,5407.6,1.96,22-Aug-08,Nifty Financial Services - TRI,86.55,91.42,72.48,-1.9,8.93,4.36,-4.01,27.81,11.05,7.89,15.54,55,28.0,153124.0,67.66,10.52,15.14,Financials,-,-,-,0.98,-0.23,-0.36,0.98,19.39,Equity : Sectoral - Financial Services,-1.79,11.01,1% on or before 15D NIL after 15D
ICICI Prudential Mutual Fund,ICICI Pru Bluechip Fund(G),EQ-LC,4.0,32810.0,1.67,23-May-08,NIFTY 100 - TRI,67.11,68.86,58.51,0.22,7.27,2.74,-1.27,25.75,16.04,11.67,14.32,28,71.0,267494.0,80.7,8.61,0.66,Financials,-,-,-,2.77,-0.13,-0.2,0.87,16.31,Equity : Large Cap,-3.51,14.3,1% on or before 1Y NIL after 1Y
ICICI Prudential Mutual Fund,ICICI Pru Child Care Fund-Gift Plan,HY-SOL,3.0,869.3,2.37,31-Aug-01,NIFTY 50 Hybrid Composite Debt 65:35 Index,196.17,203.23,175.89,-1.44,4.83,2.47,-0.05,18.84,12.12,9.3,11.96,77,45.0,70491.0,44.59,15.05,13.59,Financials,-,-,-,-1.18,-0.13,-0.21,0.67,11.76,Hybrid : Solution Oriented,-1.53,19.02,Nil
ICICI Prudential Mutual Fund,ICICI Pru Equity & Debt Fund(G),HY-EQ,5.0,20098.8,1.78,3-Nov-99,CRISIL Hybrid 35+65 - Aggressive Index,234.01,237.36,206.98,0.42,7.2,1.7,3.98,36.7,20.63,13.56,16.01,42,60.0,184670.0,57.86,4.66,2.89,Financials,6.03,1.19,6.88,3.33,0.24,0.39,0.34,12.78,Hybrid : Equity Oriented,1.35,8.53,Nil upto 30% of units and 1% for remaining units on or before 1Y Nil after 1Y
ICICI Prudential Mutual Fund,ICICI Pru Equity Savings Fund(G),HY-EQ,1.0,4993.1,1.0,5-Dec-14,NIFTY 50 Equity Savings Index,17.66,17.66,16.73,0.57,1.9,1.61,4.44,10.94,7.37,6.89,-,39,61.0,179642.0,60.96,3.16,0.12,Financials,2.61,0.37,6.32,1.74,0.68,1.13,0.05,2.55,Hybrid : Equity Oriented,1.35,8.53,Nil upto 10% of units and 0.25% for remaining units on or before 7D Nil after 7D
ICICI Prudential Mutual Fund,ICICI Pru Equity-Arbitrage Fund(G),HY-ARB,3.0,10980.6,0.96,30-Dec-06,Nifty 50 Arbitrage,28.45,28.45,27.37,0.45,1.19,1.98,3.82,3.84,4.0,4.89,6.33,116,146.0,148123.0,51.01,11.31,3.28,Financials,0.18,0.17,6.29,1.03,1.16,2.41,-0.02,0.89,Hybrid : Arbitrage,3.56,3.65,0.25% on or before 1M Nil after 1M
ICICI Prudential Mutual Fund,ICICI Pru Exports & Services Fund(G),EQ-THEM,3.0,1043.6,2.4,30-Nov-05,S&P BSE 500 - TRI,95.34,95.74,83.94,2.08,7.84,2.93,2.34,28.88,19.69,11.27,18.22,136,41.0,116646.0,57.86,16.51,11.37,Financials,-,-,-,4.89,0.08,0.12,0.69,13.82,Equity : Thematic,7.27,15.07,1% on or before 15D Nil after 15D
ICICI Prudential Mutual Fund,ICICI Pru FMCG Fund(G),EQ-CONS,1.0,892.3,2.43,31-Mar-99,NIFTY FMCG - TRI,379.25,381.77,306.27,1.42,4.48,10.86,8.64,27.2,14.33,12.42,13.54,87,27.0,111084.0,53.03,9.74,15.33,FMCG,-,-,-,10.13,0.52,0.85,0.56,13.42,Equity : Thematic - Consumption,7.84,17.57,1% on or before 15D NIL after 15D
ICICI Prudential Mutual Fund,ICICI Pru Focused Equity Fund(G),EQ-LC,5.0,3620.0,1.99,28-May-09,S&P BSE 500 - TRI,50.43,51.91,43.51,0.04,7.4,4.28,-1.41,29.18,20.31,12.4,13.35,40,29.0,186868.0,80.07,8.59,4.8,Financials,-,-,-,2.47,-0.14,-0.23,0.88,16.75,Equity : Large Cap,-3.51,14.3,1% on or before 1Y Nil after 1Y
ICICI Prudential Mutual Fund,ICICI Pru Infrastructure Fund(G),EQ-INFRA,4.0,2025.7,2.23,31-Aug-05,S&P BSE India Infrastructure Index - TRI,92.8,95.07,74.86,-0.68,13.14,6.84,8.9,51.79,23.84,12.74,13.27,60,50.0,63703.0,55.96,11.52,26.86,Financials,-,-,-,12.52,0.5,0.77,0.75,16.75,Equity : Sectoral - Infrastructure,5.4,20.87,1% on or before 15D NIL after 15D
ICICI Prudential Mutual Fund,ICICI Pru Large & Mid Cap Fund(G),EQ-L&M,3.0,5681.1,2.2,9-Jul-98,NIFTY LargeMidcap 250 - TRI,567.86,581.16,483.03,-0.3,8.44,4.65,0.91,36.81,21.04,12.41,14.54,139,72.0,112809.0,53.42,37.9,3.62,Financials,-,-,-,5.22,0.02,0.03,0.89,17.3,Equity : Large & Mid Cap,-1.58,18.24,1% on or before 1M Nil after 1M
ICICI Prudential Mutual Fund,ICICI Pru LT Equity Fund (Tax Saving)(G),EQ-ELSS,3.0,9930.1,1.93,19-Aug-99,NIFTY 500 - TRI,595.98,624.67,515.45,0.08,6.68,1.58,-5.03,27.56,17.16,12.61,14.84,28,49.0,134992.0,70.01,11.14,12.98,Financials,-,-,-,-0.96,-0.35,-0.54,0.91,17.21,Equity : Tax Saving (ELSS),-1.86,16.69,Nil
ICICI Prudential Mutual Fund,ICICI Pru Midcap Fund(G),EQ-MID,3.0,3572.3,2.09,28-Oct-04,Nifty Midcap 150 - TRI,166.84,172.23,139.68,-1.06,6.64,4.12,-1.99,34.2,22.18,11.42,17.54,60,68.0,26327.0,4.84,76.86,16.08,Financials,-,-,-,1.86,-0.16,-0.24,0.86,18.47,Equity : Mid Cap,0.53,23.53,1% on or before 1Y Nil after 1Y
ICICI Prudential Mutual Fund,ICICI Pru Multicap Fund(G),EQ-MLC,3.0,6790.8,1.94,1-Oct-94,Nifty500 Multicap 50:25:25 - TRI,457.1,469.18,387.02,-0.01,7.16,3.68,-2.19,30.68,16.7,11.69,14.76,39,88.0,56614.0,40.33,27.35,26.22,Financials,-,-,-,1.39,-0.2,-0.3,0.86,16.93,Equity : Multi Cap,0.07,20.3,1% on or before 12M Nil after 12M
ICICI Prudential Mutual Fund,ICICI Pru Regular Savings Fund(G),HY-DT(CO),3.0,3292.1,1.75,30-Mar-04,NIFTY 50 Hybrid Composite Debt 15:85 Index,57.34,57.7,54.39,-0.15,2.83,2.66,3.5,9.05,9.04,8.09,10.01,47,23.0,213715.0,14.69,2.84,0.7,Financials,4.54,1.54,7.43,1.13,0.24,0.38,0.38,4.01,Hybrid : Debt Oriented (Conservative),0.59,9.76,Nil on 10% of units within 1Y and 1% for more than 10% of units within 1Y Nil after 1Y
ICICI Prudential Mutual Fund,ICICI Pru Smallcap Fund(G),EQ-SML,3.0,4235.5,2.08,18-Oct-07,Nifty Smallcap 250 - TRI,53.65,55.53,45.63,-1.29,5.64,5.24,1.63,43.76,28.98,14.78,16.73,36,53.0,6932.0,2.29,5.91,81.94,Consumer Durables,-,-,-,4.71,0.04,0.06,0.73,17.74,Equity : Small Cap,2.94,30.51,1% on or before 1Y NIL after 1Y
ICICI Prudential Mutual Fund,ICICI Pru Value Discovery Fund(G),EQ-VAL,4.0,25195.9,1.74,16-Aug-04,NIFTY 500 - TRI,262.22,266.9,228.21,0.74,7.23,0.68,2.22,33.11,23.4,13.49,17.14,66,71.0,129741.0,70.04,7.21,7.65,Financials,-,-,-,5.22,0.08,0.13,0.72,14.96,Equity : Value / Contra,3.04,21.88,1% on or before 12M Nil after 12M
IDBI Mutual Fund,IDBI Equity Advantage Fund-Reg(G),EQ-ELSS,1.0,481.6,2.43,10-Sep-13,NIFTY 500 - TRI,39.05,40.46,32.9,-0.59,10,2.72,-3.16,22.69,12.12,9.15,-,2,41.0,164995.0,80.46,14.95,3.65,Financials,-,-,-,1.76,-0.2,-0.31,0.98,18.72,Equity : Tax Saving (ELSS),-1.86,16.69,Nil
IDBI Mutual Fund,IDBI Flexi Cap Fund(G),EQ-FLEX,3.0,374.3,2.52,28-Mar-14,NIFTY 500 - TRI,35.28,36.88,29.35,-1.23,10.08,3.19,-2.84,26.61,17.34,11.85,-,13,50.0,139852.0,76.88,15.81,6.53,Financials,-,-,-,1.69,-0.2,-0.31,0.96,18.33,Equity : Flexi Cap,-2.7,16.46,1% on or before 12M
IDBI Mutual Fund,IDBI Hybrid Equity Fund(G),HY-EQ,3.0,181.5,2.53,24-Oct-16,CRISIL Hybrid 35+65 - Aggressive Index,15.59,16.75,14.08,-0.84,5.11,-0.6,-7.71,14.28,11.06,5.78,-,144,42.0,176914.0,53.04,15.73,3.37,Financials,4.06,3.28,6.33,-9.25,-0.73,-1.11,0.88,13.37,Hybrid : Equity Oriented,1.35,8.53,1% on or Before 12M Nil after 12M
IDBI Mutual Fund,IDBI India Top 100 Equity Fund(G),EQ-LC,4.0,602.1,2.47,15-May-12,NIFTY 100 - TRI,39.86,41.44,34.09,-0.52,8.65,2.55,-5.1,24.3,16.73,10.68,13.3,17,59.0,227776.0,84.7,11.44,2.67,Financials,-,-,-,-0.33,-0.31,-0.5,0.99,18.57,Equity : Large Cap,-3.51,14.3,1% on or before 1YNil after 1Y
IDBI Mutual Fund,IDBI Midcap Fund(G),EQ-MID,2.0,193.8,2.52,25-Jan-17,Nifty Midcap 150 - TRI,16.93,18.56,14.22,-2.36,7,1.68,-10.97,25.03,18.25,7.51,-,23,63.0,30978.0,18.8,68.29,11.53,Financials,-,-,-,-6.48,-0.58,-0.87,0.94,20.18,Equity : Mid Cap,0.53,23.53,1% on or before 12M
IDBI Mutual Fund,IDBI Small Cap Fund(G),EQ-SML,2.0,153.8,2.6,21-Jun-17,Nifty Smallcap 250 - TRI,18.69,19.81,15.26,-2.35,12.4,5.42,5.84,44.43,27.57,12.62,-,13,52.0,12377.0,2.0,32.67,62.34,Capital Goods,-,-,-,10.23,0.32,0.48,0.75,19.13,Equity : Small Cap,2.94,30.51,1% on or before 12M
IDFC Mutual Fund,IDFC Arbitrage Fund-Reg(G),HY-ARB,2.0,4019.6,1.05,21-Dec-06,Nifty 50 Arbitrage,26.94,26.94,25.98,0.42,1.13,1.89,3.6,3.62,3.7,4.76,6.11,1425,152.0,87914.0,43.54,19.47,3.63,Financials,-,-,-,0.81,0.96,1.97,-0.01,0.86,Hybrid : Arbitrage,3.56,3.65,0.25% on or before 1M
IDFC Mutual Fund,IDFC Balanced Advantage Fund-Reg(G),HY-DYN,3.0,2983.6,1.96,10-Oct-14,NIFTY 50 Hybrid Composite Debt 50:50 Index,18.06,18.58,16.32,0.07,5.24,1.91,-2.01,10.03,9.69,7.73,-,277,45.0,215843.0,56.55,7.42,2.88,Financials,1.45,1.27,6.68,-3.91,-0.45,-0.7,0.73,9.55,Hybrid : Dynamic Asset Allocation,1.18,10.47,Nil for 10% of investment and for remaining investment 1% on or before 1Y
IDFC Mutual Fund,IDFC Core Equity Fund-Reg(G),EQ-L&M,3.0,2378.6,2.06,9-Aug-05,NIFTY LargeMidcap 250 - TRI,71.19,73.34,59.64,-0.14,9,4.58,-2.54,26.99,17.4,10.1,13.02,30,65.0,106236.0,55.24,34.0,8.51,Financials,-,-,-,2.32,-0.16,-0.24,0.96,18.59,Equity : Large & Mid Cap,-1.58,18.24,Nil upto 10% of investment and 1% for remaining investment on or before 365D Nil after 365D
IDFC Mutual Fund,IDFC Flexi Cap Fund-Reg(G),EQ-FLEX,2.0,5799.3,1.94,28-Sep-05,S&P BSE 500 - TRI,137.87,146.27,115.84,-0.54,8.61,3.66,-3.48,24.21,13.44,8.08,14.11,11,43.0,153371.0,67.06,23.04,5.12,Financials,-,-,-,0.91,-0.23,-0.37,0.92,17.86,Equity : Flexi Cap,-2.7,16.46,Nil upto 10% of investment and 1% for remaining investment on or before 365D Nil after 365D
IDFC Mutual Fund,IDFC Focused Equity Fund-Reg(G),EQ-MLC,2.0,1312.8,2.2,16-Mar-06,S&P BSE 500 - TRI,52.97,57.75,45.8,-0.73,6.28,0.23,-6.03,14.95,13.35,6.83,10.71,61,26.0,116425.0,61.16,22.45,12.42,Financials,-,-,-,-0.96,-0.34,-0.54,0.95,18.15,Equity : Multi Cap,0.07,20.3,Nil upto 10% of investment and 1% for remaining investment on or before 365D Nil after 365D
IDFC Mutual Fund,IDFC Hybrid Equity Fund-Reg(G),HY-EQ,4.0,577.4,2.45,30-Dec-16,S&P BSE 200 - TRI,17.14,17.93,15.07,0.39,6.45,2.32,-4.3,20.92,14.33,8.51,-,30,42.0,157045.0,57.05,15.4,4.47,Financials,1.52,1.33,7.03,-5.54,-0.43,-0.67,0.89,14.17,Hybrid : Equity Oriented,1.35,8.53,Nil for 10% of investment and 1 % for remaining investment on or before 12M
IDFC Mutual Fund,IDFC Infrastructure Fund-Reg(G),EQ-INFRA,5.0,636.2,2.44,8-Mar-11,S&P BSE India Infrastructure Index - TRI,24.19,26.09,19.88,-3.94,9.9,0.55,-2.18,42.64,19.76,6.2,10.45,5,33.0,25561.0,36.03,22.07,40.78,Infrastructure,-,-,-,2.52,-0.11,-0.17,0.87,20.24,Equity : Sectoral - Infrastructure,5.4,20.87,Nil upto 10% of investment and 1% for remaining investment on or before 365D Nil after 365D
IDFC Mutual Fund,IDFC Large Cap Fund-Reg(G),EQ-LC,3.0,1073.3,2.3,9-Jun-06,S&P BSE 100 - TRI,49.32,52.75,42.29,-0.62,6.85,1.99,-5.62,18.62,14.36,9.81,11.44,66,38.0,241869.0,81.12,7.92,6.35,Financials,-,-,-,-0.73,-0.34,-0.53,0.99,18.42,Equity : Large Cap,-3.51,14.3,Nil upto 10% of investment and 1% for remaining investments on or before 365D Nil after 365D
IDFC Mutual Fund,IDFC Regular Savings Fund-Reg(G),HY-DT(CO),1.0,163.9,2.13,25-Feb-10,NIFTY AAA Short Duration Bond Index,25.89,26.33,24.9,-0.23,1.82,0.46,-1.42,4.65,5.02,4.92,7.67,0,23.0,42966.0,5.02,5.93,1.0,Financials,2.21,1.89,6.92,-3.78,-0.88,-1.41,0.56,4.56,Hybrid : Debt Oriented (Conservative),0.59,9.76,Nil for 10% of investment and For remaining investment 1% on or before 365D
IDFC Mutual Fund,IDFC Sterling Value Fund-Reg(G),EQ-VAL,5.0,4894.9,1.97,7-Mar-08,S&P BSE 500 - TRI,91.46,94.85,76.8,-0.11,8.14,0.64,2.06,43.01,25.71,11.49,16.06,27,57.0,49147.0,39.51,30.94,22.95,Financials,-,-,-,6.12,0.07,0.1,0.87,18.49,Equity : Value / Contra,3.04,21.88,Nil upto 10% of investment and 1% for remaining investment on or before 365D Nil after 365D
IDFC Mutual Fund,IDFC Tax Advt(ELSS) Fund-Reg(G),EQ-ELSS,5.0,3808.0,1.93,26-Dec-08,S&P BSE 500 - TRI,99.27,103.32,83.92,0.28,8.14,0.82,-2.01,35.12,23.14,12.71,16.84,18,47.0,86312.0,55.05,19.39,18.45,Financials,-,-,-,3.12,-0.12,-0.18,0.97,19.32,Equity : Tax Saving (ELSS),-1.86,16.69,Nil
IIFL Mutual Fund,IIFL Focused Equity Fund-Reg(G),EQ-MLC,4.0,3231.3,1.93,30-Oct-14,S&P BSE 500 - TRI,29.87,32.03,25.09,0.13,9.73,2.81,-5.16,25.97,20.34,15.32,-,23,31.0,115452.0,67.41,12.64,13.08,Financials,-,-,-,-1.13,-0.35,-0.54,0.9,17.31,Equity : Multi Cap,0.07,20.3,1% on or before 12M
Invesco Mutual Fund,Invesco India Arbitrage Fund(G),HY-ARB,3.0,1662.4,1.05,30-Apr-07,Nifty 50 Arbitrage,26.38,26.38,25.2,0.46,1.33,2.35,4.54,3.99,4.1,4.91,6.05,2127,135.0,44023.0,28.85,21.57,14.33,Financials,-,-,-,1.71,1.86,3.86,-0.02,0.92,Hybrid : Arbitrage,3.56,3.65,0.50% on or before 15D Nil after 15D
Invesco Mutual Fund,Invesco India Contra Fund(G),EQ-VAL,3.0,9259.1,1.75,11-Apr-07,S&P BSE 500 - TRI,78.86,81.2,66.56,-0.37,8.89,4.69,-2.59,25.27,18.61,12.81,16.81,59,62.0,119184.0,69.94,16.16,9.07,Financials,-,-,-,2.12,-0.17,-0.26,0.91,17.36,Equity : Value / Contra,3.04,21.88,Nil upto 10% of units and 1% for above the limits on or before 1Y Nil after 1Y
Invesco Mutual Fund,Invesco India Dynamic Equity Fund(G),HY-DYN,2.0,647.8,2.3,4-Oct-07,NIFTY 50 Hybrid Composite Debt 50:50 Index,37.45,38.08,33.61,-0.24,6.94,3.08,-0.72,11.34,8.09,5.39,10.82,199,32.0,178761.0,57.71,4.31,2.87,Financials,-,-,-,-2.77,-0.28,-0.44,0.7,11.29,Hybrid : Dynamic Asset Allocation,1.18,10.47,Nil upto 10% of units and 0.25% for above the limits on or before 3M Nil after 3M
Invesco Mutual Fund,Invesco India Financial Services Fund(G),EQ-FIN,2.0,450.5,2.52,14-Jul-08,Nifty Financial Services - TRI,79.11,84.77,64.51,-1.71,11.89,4.23,-5.83,22.08,10.56,8.89,13.7,23,26.0,172407.0,77.99,5.58,13.74,Financials,-,-,-,-0.5,-0.3,-0.47,1.03,20.6,Equity : Sectoral - Financial Services,-1.79,11.01,Nil upto 10% of units and 1% for above the limits on or before 1Y Nil after 1Y
Invesco Mutual Fund,Invesco India Growth Opp Fund(G),EQ-L&M,2.0,3825.6,1.89,9-Aug-07,NIFTY LargeMidcap 250 - TRI,52.34,55.48,44.22,-0.3,8.55,3.05,-5.42,20.85,14.01,10.93,14.76,75,61.0,87014.0,54.82,38.59,2.69,Financials,-,-,-,-1.23,-0.36,-0.55,0.9,17.49,Equity : Large & Mid Cap,-1.58,18.24,Nil upto 10% of units and 1% for above the limits on or before 1Y Nil after 1Y
Invesco Mutual Fund,Invesco India Infrastructure Fund(G),EQ-INFRA,4.0,430.1,2.51,24-Oct-07,S&P BSE India Infrastructure Index - TRI,31.99,33.72,27.06,-3.66,6.31,2.51,-1.46,38.99,23.41,13.21,15.57,48,39.0,36480.0,35.19,24.42,37.28,Capital Goods,-,-,-,3.75,-0.04,-0.07,0.82,18.37,Equity : Sectoral - Infrastructure,5.4,20.87,Nil upto 10% of units and 1% for above the limits on or before 1Y Nil after 1Y
Invesco Mutual Fund,Invesco India Largecap Fund(G),EQ-LC,3.0,717.1,2.27,21-Aug-09,NIFTY 100 - TRI,43.46,47.36,37.78,-1.09,6.4,1.45,-7.02,20.46,14.86,10.62,13.14,32,44.0,228158.0,81.67,11.0,4.51,Financials,-,-,-,-2.52,-0.44,-0.68,0.95,17.82,Equity : Large Cap,-3.51,14.3,Nil 
Invesco Mutual Fund,Invesco India Midcap Fund(G),EQ-MID,3.0,2542.1,2.0,19-Apr-07,S&P BSE 150 MidCap - TRI,87.84,92.65,73.59,-0.83,8.34,2.29,-4.93,28.51,22.56,13.82,18.31,54,58.0,26810.0,14.08,66.67,14.33,Automobile and Ancillaries,-,-,-,-0.03,-0.26,-0.4,0.87,18.64,Equity : Mid Cap,0.53,23.53,Nil upto 10% of units and 1% for above the limits on or before 1Y Nil after 1Y
Invesco Mutual Fund,Invesco India Multicap Fund(G),EQ-MLC,4.0,2231.4,2.03,17-Mar-08,Nifty500 Multicap 50:25:25 - TRI,78.2,84.48,65.92,-0.92,8.42,2.88,-5.69,27.37,18.59,10.44,16.92,40,64.0,48056.0,40.2,32.47,22.5,Financials,-,-,-,-1.76,-0.37,-0.55,0.85,17.79,Equity : Multi Cap,0.07,20.3,Nil upto 10% of units and 1% for above the limits on or before 1Y Nil after 1Y
Invesco Mutual Fund,Invesco India PSU Equity Fund(G),EQ-THEM,1.0,369.6,2.44,18-Nov-09,S&P BSE PSU - TRI,29.32,30.11,23.17,-1.25,16.15,3.93,0.62,32.11,17.19,8.36,11.25,51,19.0,69334.0,69.37,12.19,16.03,Financials,-,-,-,6.96,0.1,0.15,0.87,21.12,Equity : Thematic,7.27,15.07,Nil upto 10% of units and 1% for above the limits on or before 1Y Nil after 1Y
Invesco Mutual Fund,Invesco India Tax Plan(G),EQ-ELSS,3.0,1845.6,2.04,29-Dec-06,S&P BSE 500 - TRI,77.45,88.43,68.12,-1.63,6.24,-1.93,-11.99,19.22,14.45,10.93,15.21,59,44.0,123346.0,61.92,24.13,11.21,Financials,-,-,-,-7.84,-0.71,-1.09,0.95,18.36,Equity : Tax Saving (ELSS),-1.86,16.69,Nil
JM Financial Mutual Fund,JM Flexicap Fund-Reg(G),EQ-FLEX,3.0,225.6,2.51,23-Sep-08,S&P BSE 500 - TRI,53.33,55.49,45.1,-0.96,8.22,5.45,-1.41,30.6,15.91,11.45,15.49,86.3,41.0,136976.0,65.71,26.02,5.48,Financials,-,-,-,3.38,-0.1,-0.17,0.96,18.48,Equity : Flexi Cap,-2.7,16.46,1% on or before 1Y Nil after 1Y
JM Financial Mutual Fund,JM Value Fund(G),EQ-VAL,3.0,154.6,2.52,2-Jun-97,S&P BSE 500 - TRI,50.92,54.58,43.03,-0.49,8.23,1.7,-5.92,27.94,15.47,8.97,14.33,81.5,39.0,92343.0,63.89,24.01,9.93,Financials,-,-,-,-1.21,-0.35,-0.53,0.95,18.58,Equity : Value / Contra,3.04,21.88,1% on or before 1Y Nil after 1Y
Kotak Mutual Fund,Kotak Bluechip Fund(G),EQ-LC,4.0,4934.4,1.97,4-Feb-03,NIFTY 100 - TRI,373.68,392.39,325.27,-0.68,6.63,2.38,-5.98,21.63,15.93,11.69,13.53,3.92,60.0,209777.0,78.12,16.93,2.16,Financials,-,-,-,-1.64,-0.39,-0.61,0.95,17.74,Equity : Large Cap,-3.51,14.3,Nil upto 10% of investment and 1% for remaining investment on or before 1Y Nil after 1Y
Kotak Mutual Fund,Kotak Debt Hybrid Fund(G),HY-DT(CO),5.0,1571.1,1.82,2-Dec-03,CRISIL Hybrid 85+15 - Conservative Index,43.91,44.26,41.19,0.01,3.64,2.84,1.79,11.45,10.68,8.22,9.55,0,49.0,95625.0,15.22,4.56,4.82,Financials,5.76,2.36,7.27,-0.35,-0.13,-0.2,0.6,4.94,Hybrid : Debt Oriented (Conservative),0.59,9.76,Nil upto 8% of investments and 1% for remaining investments on or before 6M Nil after 6M
Kotak Mutual Fund,Kotak Emerging Equity Fund(G),EQ-MID,4.0,21996.1,1.7,30-Mar-07,Nifty Midcap 150 - TRI,75.9,79.21,63.27,-2.22,8.8,3.08,1.0,35.7,25.83,14.49,19.57,3.46,71.0,31448.0,14.51,68.87,10.61,Automobile and Ancillaries,-,-,-,4.76,0.02,0.04,0.78,17.22,Equity : Mid Cap,0.53,23.53,Nil upto 10% of investment and 1% for remaining investment on or before 1Y Nil after 1Y
Kotak Mutual Fund,Kotak Equity Arbitrage Fund(G),HY-ARB,4.0,22408.4,1.01,29-Sep-05,Nifty 50 Arbitrage,30.92,30.92,29.67,0.46,1.19,2.11,4.1,4.04,4.16,5.04,6.37,536.65,161.0,93087.0,44.23,21.1,4.82,Financials,0.01,0.01,6.04,1.29,1.44,2.96,-0.02,0.91,Hybrid : Arbitrage,3.56,3.65,0.25% on or before 30D Nil after 30D
Kotak Mutual Fund,Kotak Equity Hybrid Fund(G),HY-EQ,5.0,2922.1,2.01,3-Nov-14,NIFTY 50 Hybrid Composite Debt 65:35 Index,40.72,42.17,36.34,-1.52,5.41,1.72,-0.01,22.95,16.86,11.62,-,7.21,60.0,104371.0,43.43,18.49,9.83,Financials,5.47,2.77,5.96,-0.63,-0.09,-0.13,0.82,12.66,Hybrid : Equity Oriented,1.35,8.53,Nil upto 8% of investment and 1% for remaining investment on or before 1Y Nil after 1Y
Kotak Mutual Fund,Kotak Equity Opp Fund(G),EQ-L&M,3.0,10759.4,1.8,9-Sep-04,NIFTY LargeMidcap 250 - TRI,204.19,211.36,172.19,-1.14,8.67,2.61,0.98,25.9,19.46,12.32,15.61,12.72,63.0,107579.0,55.62,34.12,5.15,Financials,-,-,-,5.14,0.02,0.03,0.87,17.27,Equity : Large & Mid Cap,-1.58,18.24,Nil upto 10% of investment and 1% for remaining investment on or before 1Y Nil after 1Y
Kotak Mutual Fund,Kotak Equity Savings Fund(G),HY-EQ,2.0,1968.2,2.13,13-Oct-14,NIFTY 50 Equity Savings Index - TRI,19.13,19.2,18.03,0.25,3.52,2.64,4.64,10.77,9.34,7.87,-,30.73,64.0,137188.0,57.09,8.68,2.19,Financials,3.35,0.12,6.61,2.29,0.4,0.65,0.3,5.28,Hybrid : Equity Oriented,1.35,8.53,Nil upto 8% of investments and 1% for remaining investments on or before 90D Nil after 90D
Kotak Mutual Fund,Kotak Flexicap Fund(G),EQ-FLEX,2.0,35933.4,1.57,11-Sep-09,NIFTY 500 - TRI,53.3,55.55,45.49,-1.15,8.42,2.28,-3.18,21.1,14.08,10.51,15.65,7.47,49.0,176772.0,72.58,23.85,1.42,Financials,-,-,-,1.69,-0.2,-0.31,0.96,18.36,Equity : Flexi Cap,-2.7,16.46,Nil upto 10% of investment and 1% for remaining investment on or before 1Y Nil after 1Y
Kotak Mutual Fund,Kotak India EQ Contra Fund(G),EQ-VAL,2.0,1344.1,2.26,27-Jul-05,NIFTY500 Value 50 - TRI,84.64,87.46,72.5,-0.53,8.06,2.37,-3.13,24.73,16.66,12.43,14.08,18,58.0,154569.0,71.79,24.3,1.66,Financials,-,-,-,1.29,-0.22,-0.34,0.92,17.48,Equity : Value / Contra,3.04,21.88,1% on or before 90D Nil after 90D
Kotak Mutual Fund,Kotak Infra & Eco Reform Fund(G),EQ-INFRA,3.0,642.2,2.52,25-Feb-08,Nifty Infrastructure - TRI,35.96,37.85,29.02,-2.83,10.15,9.15,7.0,45.1,22.17,10.55,14.77,9.69,44.0,36826.0,33.37,39.71,24.09,Automobile and Ancillaries,-,-,-,11.01,0.39,0.6,0.77,17.22,Equity : Sectoral - Infrastructure,5.4,20.87,1% on or before 90D Nil after 90D
Kotak Mutual Fund,Kotak Small Cap Fund(G),EQ-SML,4.0,8469.0,1.89,24-Feb-05,Nifty Smallcap 250 - TRI,165.11,174.21,141.01,-2.52,7.29,-0.58,-3.18,43.38,33.1,16.87,19.56,5.28,76.0,11304.0,2.88,24.97,66.91,Consumer Durables,-,-,-,-0.1,-0.23,-0.34,0.66,16.07,Equity : Small Cap,2.94,30.51,Nil upto 10% of investment and 1% for remaining investment on or before 1Y Nil after 1Y
Kotak Mutual Fund,Kotak Tax Saver Fund(G),EQ-ELSS,3.0,2907.0,1.99,23-Nov-05,NIFTY 500 - TRI,74.24,76.49,62.51,-0.48,9.31,2.57,1.29,26.32,18.73,12.52,14.55,18.9,57.0,131549.0,65.96,23.34,7.67,Financials,-,-,-,6.07,0.06,0.09,0.91,17.68,Equity : Tax Saving (ELSS),-1.86,16.69,Nil
L&T Mutual Fund,L&T Arbitrage Opp Fund-Reg(G),HY-ARB,5.0,2419.0,1.02,30-Jun-14,Nifty 50 Arbitrage,15.82,15.82,15.28,0.44,1.09,1.81,3.47,3.63,4.06,4.89,-,1249.33,137.0,55423.0,31.91,24.75,11.52,Financials,0.25,0.24,6.25,0.68,0.73,1.48,-0.02,0.94,Hybrid : Arbitrage,3.56,3.65,0.50% on or before 1M Nil after 1M
L&T Mutual Fund,L&T Balanced Advantage Fund-Reg(G),HY-DYN,2.0,1819.3,2.09,7-Feb-11,Crisil Short Term Bond Fund Index,31.04,31.54,29.08,-0.46,3.07,1.03,-1.82,6.95,7.85,6.94,10.48,414.4,74.0,108759.0,48.3,13.26,4.62,Financials,2.36,2.1,7.21,-4.08,-0.64,-0.99,0.5,6.8,Hybrid : Dynamic Asset Allocation,1.18,10.47,Nil for 10% of units and 1% for remaining units on or before 1Y Nil after 1Y
L&T Mutual Fund,L&T Business Cycles Fund-Reg(G),EQ-THEM,2.0,553.9,2.51,20-Aug-14,S&P BSE 500 - TRI,23.95,25.35,19.74,-2.68,9.16,5.7,-0.37,29.58,16.53,8.04,-,12.01,49.0,67918.0,42.57,29.43,23.37,Financials,-,-,-,4.08,-0.05,-0.08,0.91,18.55,Equity : Thematic,7.27,15.07,Nil upto 10% of units and 1% for above the limits on or before 1Y Nil after 1Y
L&T Mutual Fund,L&T Equity Savings Fund-Reg(G),HY-EQ,2.0,183.0,1.58,18-Oct-11,NIFTY 50 Equity Savings Index,23.44,23.54,22.18,0.16,3.03,1.28,2.08,13.34,10.22,6.92,8.03,681.83,55.0,72767.0,43.24,13.07,11.38,Financials,2.05,1.86,7.2,-0.3,-0.1,-0.16,0.33,4.76,Hybrid : Equity Oriented,1.35,8.53,Nil upto 10% of units and 0.50% for remaining units on or before 1M Nil after 1M
L&T Mutual Fund,L&T Flexicap Fund-Reg(G),EQ-FLEX,2.0,2787.5,2.07,16-May-05,S&P BSE 500 - TRI,120.07,126.0,103.88,-1.24,6.68,1.49,-4.97,20.51,14.04,8.82,12.58,31.93,71.0,113165.0,66.19,16.15,14.81,Financials,-,-,-,-0.98,-0.34,-0.51,0.89,17.46,Equity : Flexi Cap,-2.7,16.46,Nil upto 10% of units and 1% for above the limits on or before 1Y Nil after 1Y
L&T Mutual Fund,L&T Hybrid Equity Fund-Reg(G),HY-EQ,3.0,4564.7,1.91,7-Feb-11,NIFTY 50 Hybrid Composite Debt 65:35 Index,36.64,39.31,32.24,0.25,7.08,0.72,-5.28,15.58,11.63,7.56,12.93,67.8,55.0,115015.0,50.11,18.66,5.98,Financials,2.03,1.73,7,-6.3,-0.46,-0.7,0.76,14.6,Hybrid : Equity Oriented,1.35,8.53,Nil for 10% of units and 1% for remaining units on or before 1Y Nil after 1Y
L&T Mutual Fund,L&T India Value Fund-Reg(G),EQ-VAL,4.0,7639.8,1.85,8-Jan-10,S&P BSE 500 - TRI,57.94,61.56,48.83,-1.08,8.76,0.5,-4.92,27.66,18.57,9.79,17.56,33.96,63.0,84368.0,53.36,24.35,18.0,Financials,-,-,-,-0.03,-0.28,-0.43,0.94,18.6,Equity : Value / Contra,3.04,21.88,Nil upto 10% of units and 1% for above the limits on or before 1Y Nil after 1Y
L&T Mutual Fund,L&T Infrastructure Fund-Reg(G),EQ-INFRA,2.0,1405.2,2.21,27-Sep-07,Nifty Infrastructure - TRI,24.86,26.24,20.49,-2.93,10.29,2.94,0.16,40.08,17.48,7.56,14.44,26,52.0,30985.0,34.69,22.74,40.1,Capital Goods,-,-,-,5.95,0.05,0.08,0.89,19.66,Equity : Sectoral - Infrastructure,5.4,20.87,Nil upto 10% of units and 1% for above the limits on or before 1Y Nil after 1Y
L&T Mutual Fund,L&T Large and Midcap Fund-Reg(G),EQ-L&M,1.0,1575.6,2.23,22-May-06,NIFTY LargeMidcap 250 - TRI,72.5,75.38,58.88,0.53,12.41,5.06,-1.48,21.85,15.96,8.48,13.59,117.7,63.0,79237.0,55.06,32.49,11.61,Financials,-,-,-,3.65,-0.09,-0.13,0.99,20.2,Equity : Large & Mid Cap,-1.58,18.24,Nil upto 10% of units and 1% for above the limits on or before 1Y Nil after 1Y
L&T Mutual Fund,L&T Midcap Fund-Reg(G),EQ-MID,1.0,6582.9,1.87,9-Aug-04,S&P BSE 150 MidCap - TRI,205.99,217.26,177.04,-1.22,4.89,1.11,-6.98,23.2,17.08,8.03,17.63,22.73,78.0,26433.0,9.79,70.22,14.23,Automobile and Ancillaries,-,-,-,-4.33,-0.51,-0.76,0.77,16.92,Equity : Mid Cap,0.53,23.53,Nil upto 10% of units and 1% for above the limits on or before 1Y Nil after 1Y
L&T Mutual Fund,L&T Tax Advt Fund-Reg(G),EQ-ELSS,2.0,3178.3,1.98,27-Feb-06,S&P BSE 500 - TRI,79.6,85.63,66.57,0.23,10.31,2.05,-4.59,21.44,14.43,8.15,13.37,100.01,61.0,141951.0,71.48,21.44,5.95,Financials,-,-,-,0.48,-0.26,-0.39,1.02,20.09,Equity : Tax Saving (ELSS),-1.86,16.69,Nil
LIC Mutual Fund,LIC MF Equity Hybrid Fund(G),HY-EQ,3.0,423.5,2.51,1-Jan-91,CRISIL Hybrid 35+65 - Aggressive Index,135.82,144.1,122.17,-0.07,5.26,1.76,-4.07,13.15,8.53,7.7,8.88,20,45.0,186215.0,59.0,11.56,5.24,Financials,0.74,0.16,3.91,-5.01,-0.41,-0.65,0.87,13.23,Hybrid : Equity Oriented,1.35,8.53,Nil upto 12% on units and 1% on remaining units on or before 12M Nil after 12M
LIC Mutual Fund,LIC MF Flexi Cap Fund-Reg(G),EQ-FLEX,2.0,410.0,2.57,31-Mar-98,NIFTY 500 - TRI,66.73,70.55,56.84,0.47,8.03,3.95,-3.91,17.89,11.03,9.1,9.78,64,73.0,80944.0,55.31,18.68,21.85,Financials,-,-,-,0.38,-0.26,-0.41,0.88,17.09,Equity : Flexi Cap,-2.7,16.46,Nil upto 12% on units and 1% on remaining units on or before 12M Nil after 12M
LIC Mutual Fund,LIC MF Large & Midcap Fund-Reg(G),EQ-L&M,2.0,1966.7,2.34,25-Feb-15,NIFTY LargeMidcap 250 - TRI,24.65,25.85,21.19,-1.2,6.96,2.12,-4.25,25.23,16.85,11.38,-,36,72.0,60630.0,38.37,37.95,19.58,Financials,-,-,-,-0.5,-0.31,-0.47,0.86,17.18,Equity : Large & Mid Cap,-1.58,18.24,Nil upto 12% on units and 1% on remaining units on or before 12M Nil after 12M
LIC Mutual Fund,LIC MF Tax Plan-Reg(G),EQ-ELSS,2.0,420.5,2.5,31-Mar-98,NIFTY 500 - TRI,100.55,105.12,85.95,-0.11,8.58,3.16,-4.84,22.34,12.82,10.45,13.28,37,57.0,134137.0,67.69,21.86,6.75,Financials,-,-,-,-1.21,-0.36,-0.55,0.91,17.46,Equity : Tax Saving (ELSS),-1.86,16.69,Nil
LIC Mutual Fund,LIC MF ULIS,HY-SOL,3.0,427.9,2.58,19-Jun-89,CRISIL Hybrid 35+65 - Aggressive Index,27.26,28.37,24.09,-0.65,6.2,1.55,-3.19,21.02,12.03,9.67,10.49,21,44.0,153172.0,55.72,12.44,10.52,Financials,-,-,-,-4.54,-0.36,-0.55,0.93,14.16,Hybrid : Solution Oriented,-1.53,19.02,Nil
Mahindra Manulife Mutual Fund,Mahindra Manulife ELSS Kar Bachat Yojana-Reg(G),EQ-ELSS,4.0,494.4,2.46,18-Oct-16,NIFTY 500 - TRI,18.89,19.81,16.2,-0.36,7.33,1.31,-3.44,28.84,17.41,9.69,-,91,52.0,148255.0,69.53,16.99,10.3,Financials,-,-,-,1.11,-0.23,-0.36,0.93,17.55,Equity : Tax Saving (ELSS),-1.86,16.69,Nil
Mahindra Manulife Mutual Fund,Mahindra Manulife Equity Savings Dhan Sanchay Yojana-Reg(G),HY-EQ,3.0,443.8,2.52,1-Feb-17,NIFTY 50 Equity Savings Index - TRI,15.75,15.99,14.61,-0.2,4.18,0.33,-1.45,13.47,11.14,7.62,-,377,50.0,168744.0,56.06,11.4,1.13,Financials,1.45,1.19,6.6,-3.2,-0.4,-0.62,0.43,8.61,Hybrid : Equity Oriented,1.35,8.53,Nil for 10% of units on or before 12M For remaining units 1% on or before 12M and nil after 12M
Mahindra Manulife Mutual Fund,Mahindra Manulife Multi Cap Badhat Yojana-Reg(G),EQ-MLC,5.0,1426.3,2.27,11-May-17,Nifty500 Multicap 50:25:25 - TRI,20.89,21.95,17.3,0.01,9.92,-1.35,-4.8,33.77,23.29,14.28,-,137,55.0,45347.0,39.02,28.14,29.99,Financials,-,-,-,0.81,-0.23,-0.34,0.96,20.03,Equity : Multi Cap,0.07,20.3,1% on or before 1Y Nil after 1Y
Mirae Asset Mutual Fund,Mirae Asset Emerging Bluechip-Reg(G),EQ-L&M,5.0,22927.4,1.67,9-Jul-10,NIFTY LargeMidcap 250 - TRI,94.83,102.91,83.11,-1.67,4.66,-0.78,-8.58,26.05,20.58,13.87,21.89,65,71.0,89025.0,52.51,35.48,11.81,Financials,-,-,-,-4.41,-0.54,-0.83,0.9,17.56,Equity : Large & Mid Cap,-1.58,18.24,1% on or before 1Y(365D) Nil after 1Y(365D)
Mirae Asset Mutual Fund,Mirae Asset Great Consumer Fund-Reg(G),EQ-CONS,3.0,2004.1,2.02,29-Mar-11,Nifty India Consumption - TRI,59.85,60.96,48.62,0.09,9.49,9.04,3.62,29.51,18.03,14.27,16.71,41,36.0,86532.0,65.73,16.51,16.75,FMCG,-,-,-,7.33,0.17,0.27,0.8,16.87,Equity : Thematic - Consumption,7.84,17.57,1% on or before 1Y(365D) Nil after 1Y(365D)
Mirae Asset Mutual Fund,Mirae Asset Hybrid Equity Fund-Reg(G),HY-EQ,4.0,6933.1,1.75,29-Jul-15,CRISIL Hybrid 35+65 - Aggressive Index,22.09,22.87,19.68,-0.71,5.47,1.52,-3.47,18.36,14.05,10.64,-,62,65.0,153577.0,53.68,9.61,10.14,Financials,3.01,2.34,7.3,-4.23,-0.36,-0.55,0.89,13.23,Hybrid : Equity Oriented,1.35,8.53,1% on or before 1Y(365D) Nil after 1Y(365D)
Mirae Asset Mutual Fund,Mirae Asset Large Cap Fund-Reg(G),EQ-LC,4.0,32980.7,1.54,4-Apr-08,NIFTY 100 - TRI,78.34,82.44,68.66,-0.44,6.23,1.67,-6.53,21.09,14.9,11.24,15.95,22,59.0,228019.0,80.03,14.26,4.7,Financials,-,-,-,-2.04,-0.41,-0.65,0.93,17.39,Equity : Large Cap,-3.51,14.3,1% on or before 1Y(365D) Nil after 1Y(365D)
Mirae Asset Mutual Fund,Mirae Asset Tax Saver Fund-Reg(G),EQ-ELSS,4.0,12925.0,1.63,28-Dec-15,NIFTY 500 - TRI,30.6,32.79,26.86,-1.32,5.41,-0.32,-7.48,24.73,19.52,14.02,-,75,70.0,145648.0,70.4,18.11,11.0,Financials,-,-,-,-3,-0.46,-0.72,0.93,17.61,Equity : Tax Saving (ELSS),-1.86,16.69,Nil
Motilal Oswal Mutual Fund,Motilal Oswal Dynamic Fund-Reg(G),HY-DYN,2.0,813.2,2.33,27-Sep-16,CRISIL Hybrid 50+50 - Moderate Index,15.51,15.99,13.58,-0.63,7.03,2.98,-1.57,6.9,6.18,5.74,-,320,27.0,37465.0,33.0,15.61,20.65,Financials,1.14,0.93,7.17,-2.92,-0.3,-0.46,0.69,10.93,Hybrid : Dynamic Asset Allocation,1.18,10.47,1% on or before 1Y Nil after 1Y
Motilal Oswal Mutual Fund,Motilal Oswal Flexi Cap Fund-Reg(G),EQ-FLEX,1.0,9367.0,1.77,28-Apr-14,NIFTY 500 - TRI,34.36,36.2,28.62,-1.08,11.36,5.53,-6.58,14.97,8.75,5.61,-,40,25.0,140914.0,64.92,22.42,7.28,Financials,-,-,-,-1.92,-0.39,-0.61,0.95,18.26,Equity : Flexi Cap,-2.7,16.46,1% on or before 15D Nil after 15D
Motilal Oswal Mutual Fund,Motilal Oswal Long Term Equity Fund-Reg(G),EQ-ELSS,3.0,2182.8,2.05,21-Jan-15,NIFTY 500 - TRI,26.46,28.33,22.09,-1.49,8.83,4.27,-5.08,25.4,13.83,9.1,-,40,32.0,93242.0,55.47,32.54,10.52,Financials,-,-,-,-0.81,-0.32,-0.49,0.93,18.6,Equity : Tax Saving (ELSS),-1.86,16.69,Nil
Motilal Oswal Mutual Fund,Motilal Oswal Midcap Fund-Reg(G),EQ-MID,2.0,3409.0,2.0,24-Feb-14,Nifty Midcap 150 - TRI,52.26,53.38,40.02,0.83,15.71,12.43,15.04,45.9,26.63,15.48,-,70,25.0,39759.0,15.19,68.49,10.34,Construction,-,-,-,19.78,0.77,1.2,0.83,19.77,Equity : Mid Cap,0.53,23.53,1% on or before 15D Nil after 15D
Navi Mutual Fund,Navi Large & Midcap Fund-Reg(G),EQ-L&M,2.0,244.3,2.31,7-Dec-15,S&P BSE 250 LargeMidCap Index - TRI,24.78,25.89,21.04,-0.12,8.52,1.97,-2.71,28.65,17.29,10.96,-,70,55.0,85821.0,46.92,38.82,10.54,Financials,-,-,-,2.27,-0.16,-0.24,0.93,18.37,Equity : Large & Mid Cap,-1.58,18.24,Nil
Navi Mutual Fund,Navi Large Cap Equity Fund-Reg(G),EQ-LC,2.0,91.3,2.51,28-Sep-11,NIFTY 50 - TRI,30.76,36.02,29.18,2.6,-7.97,-14.49,-2.56,20.48,9.99,7.0,-,37,40.0,251331.0,85.07,5.81,2.77,Financials,-,-,-,-3.55,-0.24,-0.38,0.96,17.03,Equity : Large Cap,-3.51,14.3,Nil
Nippon India Mutual Fund,Nippon India Arbitrage Fund(G),HY-ARB,3.0,9181.5,1.05,14-Oct-10,Nifty 50 Arbitrage,22.1,22.1,21.27,0.41,1.11,1.91,3.8,3.81,3.99,5.03,6.32,1259,146.0,132614.0,50.89,14.44,3.77,Financials,-,-,-,1.01,1.19,2.53,-0.01,0.86,Hybrid : Arbitrage,3.56,3.65,0.25% on or before 1M Nil after 1M
Nippon India Mutual Fund,Nippon India Balanced Advantage Fund(G),HY-DYN,3.0,6501.0,1.81,15-Nov-04,CRISIL Hybrid 50+50 - Moderate Index,125.59,127.8,115.04,-0.4,4.65,3.92,0.78,15.34,11.13,8.18,11.57,342,60.0,164466.0,52.92,8.24,5.49,Financials,3.18,2.49,7.26,-1.06,-0.17,-0.26,0.49,8.01,Hybrid : Dynamic Asset Allocation,1.18,10.47,Nil for 10% of units on or before 12M In excess of limit 1% on or before 12M and Nil after 12M
Nippon India Mutual Fund,Nippon India Banking & Financial Services Fund(G),EQ-FIN,5.0,3620.9,2.03,26-May-03,Nifty Financial Services - TRI,388.23,399.92,310.3,-1.6,13.04,7.49,1.99,36.19,14.01,8.63,13.49,50,26.0,111351.0,65.49,13.87,16.45,Financials,-,-,-,8.37,0.12,0.18,1.06,21.45,Equity : Sectoral - Financial Services,-1.79,11.01,1% on or before 1M Nil after 1M
Nippon India Mutual Fund,Nippon India Consumption Fund(G),EQ-CONS,5.0,257.1,2.65,30-Sep-04,Nifty India Consumption - TRI,132.23,132.82,100.4,0.17,11.99,15.09,10.31,37.59,24.51,16.81,14.2,54,30.0,44476.0,43.0,18.84,31.25,FMCG,-,-,-,12.78,0.51,0.81,0.78,16.72,Equity : Thematic - Consumption,7.84,17.57,1% on or before 1M Nil after 1M
Nippon India Mutual Fund,Nippon India Equity Hybrid Fund(G),HY-EQ,3.0,2914.7,2.08,10-Jun-05,CRISIL Hybrid 35+65 - Aggressive Index,68.23,69.64,60.17,-0.01,7.07,2.91,-0.21,23.28,8.82,5.0,10.75,45,63.0,227580.0,60.78,7.14,3.69,Financials,3.66,2.75,7.97,-0.86,-0.1,-0.15,0.85,13.88,Hybrid : Equity Oriented,1.35,8.53,Nil for 10% of investments and 1% for remaining on or before 12M Nil after 12M
Nippon India Mutual Fund,Nippon India Focused Equity Fund(G),EQ-FLEX,4.0,6039.1,2.06,26-Dec-06,S&P BSE 500 - TRI,81.65,83.92,68.53,-0.24,8.26,4.07,-0.48,34.83,22.08,12.1,17.41,77,29.0,85078.0,54.03,11.83,24.43,Financials,-,-,-,4.44,-0.05,-0.07,0.95,18.64,Equity : Flexi Cap,-2.7,16.46,Nil upto 10% of units and 1% for remaining units on or before 12M Nil after 12M
Nippon India Mutual Fund,Nippon India Growth Fund(G),EQ-MID,4.0,13240.8,1.8,8-Oct-95,Nifty Midcap 150 - TRI,2152.48,2239.65,1783.06,-2.12,8.95,4.6,-1.96,36.46,25.54,14.33,16.36,96,87.0,33266.0,20.76,59.84,13.93,Financials,-,-,-,2.52,-0.13,-0.19,0.89,19.32,Equity : Mid Cap,0.53,23.53,1% on or before 1M Nil after 1M
Nippon India Mutual Fund,Nippon India Large Cap Fund(G),EQ-LC,2.0,11950.9,1.82,8-Aug-07,S&P BSE 100 - TRI,54.04,55.13,44.94,0.36,10.35,7.02,2.18,32.59,16.82,11.9,14.63,75,58.0,192453.0,81.58,10.44,5.2,Financials,-,-,-,6.83,0.08,0.12,0.97,18.43,Equity : Large Cap,-3.51,14.3,1% on or before 7D Nil after 7D
Nippon India Mutual Fund,Nippon India Multi Cap Fund(G),EQ-MLC,3.0,13529.1,1.94,28-Mar-05,Nifty500 Multicap 50:25:25 - TRI,165.15,167.56,131.41,0.33,12.49,8.71,8.34,43.22,20.92,13.67,14.65,68,90.0,50818.0,41.25,25.48,30.86,Financials,-,-,-,12.45,0.39,0.6,0.93,18.74,Equity : Multi Cap,0.07,20.3,Nil upto 10% of units and 1% for remaining units on or before 12M Nil after 12M
Nippon India Mutual Fund,Nippon India Pharma Fund(G),EQ-PHRM,3.0,4655.8,1.95,5-Jun-04,S&P BSE Health Care - TRI,282.65,313.67,253.79,3.84,3.66,-3.39,-8.77,11.54,25.58,16.22,15.69,25,28.0,41341.0,46.49,30.63,22.53,Healthcare,-,-,-,-8.37,-0.75,-1.23,0.55,15.24,Equity : Sectoral - Pharma,-7.13,24.5,1% on or before 1M Nil after 1M
Nippon India Mutual Fund,Nippon India Retirement Fund-Income Generation(G),HY-SOL,1.0,187.1,2.19,11-Feb-15,CRISIL Hybrid 85+15 - Conservative Index,15.63,16.0,14.65,-1.06,3.69,1.69,-0.58,4.65,5.51,5.07,-,0,34.0,151959.0,14.59,3.07,1.96,Financials,19.37,9.44,7.58,-2.75,-0.57,-0.87,1.27,5.86,Hybrid : Solution Oriented,-1.53,19.02,NIL
Nippon India Mutual Fund,Nippon India Retirement Fund-Wealth Creation(G),HY-SOL,3.0,2316.5,2.08,11-Feb-15,S&P BSE 500 - TRI,17.73,18.69,15.17,-1.13,8.74,2.4,-5.59,24.17,11.18,6.14,-,67,58.0,126093.0,67.3,16.29,13.76,Financials,0.08,0.07,6.28,-5.62,-0.35,-0.54,1.06,17.94,Hybrid : Solution Oriented,-1.53,19.02,Nil
Nippon India Mutual Fund,Nippon India Small Cap Fund(G),EQ-SML,4.0,22158.4,1.81,16-Sep-10,Nifty Smallcap 250 - TRI,91.73,94.17,73.55,-0.33,11.91,4.21,6.04,49.12,34.82,17.2,23.73,28,152.0,12737.0,11.97,20.41,63.85,Financials,-,-,-,10.89,0.3,0.44,0.88,20.41,Equity : Small Cap,2.94,30.51,1% on or before 1M Nil after 1M
Nippon India Mutual Fund,Nippon India Tax Saver (ELSS) Fund(G),EQ-ELSS,2.0,11625.3,1.81,21-Sep-05,NIFTY 500 - TRI,78.52,81.78,66.95,-1.49,7.21,2.13,-3.32,30.32,14.84,4.86,12.84,32,55.0,123514.0,73.39,13.16,10.56,Financials,-,-,-,1.69,-0.2,-0.32,0.99,18.55,Equity : Tax Saving (ELSS),-1.86,16.69,Nil
Nippon India Mutual Fund,Nippon India Value Fund(G),EQ-VAL,4.0,4638.4,2.03,8-Jun-05,NIFTY 500 - TRI,125.29,129.63,106.05,-0.86,8.54,1.93,-4.07,30.73,19.75,11.75,14.72,33,80.0,119820.0,67.7,15.95,11.61,Financials,-,-,-,0.93,-0.23,-0.36,0.94,18.41,Equity : Value / Contra,3.04,21.88,Nil upto 10% of units and 1% for remaining units on or before 12M Nil after 12M
Nippon India Mutual Fund,Nippon India Vision Fund(G),EQ-L&M,3.0,3155.1,2.05,8-Oct-95,NIFTY LargeMidcap 250 - TRI,832.66,862.88,711.32,-1.1,8.17,2.08,-5.47,27.03,17.01,8.13,12.12,95,74.0,102034.0,57.65,37.78,0.7,Financials,-,-,-,-0.55,-0.31,-0.48,0.95,18.46,Equity : Large & Mid Cap,-1.58,18.24,Nil upto 10% of units and 1% for remaining units on or before 12M Nil after 12M
Parag Parikh Mutual Fund,Parag Parikh Flexi Cap Fund-Reg(G),EQ-FLEX,5.0,26033.2,1.73,28-May-13,NIFTY 500 - TRI,48.31,52.23,42.7,-0.84,6.18,-1.2,-7.88,23.11,22.92,16.68,-,15.08,28.0,123019.0,57.46,4.78,8.63,Financials,-,-,-,-4.79,-0.52,-0.84,0.74,16.93,Equity : Flexi Cap,-2.7,16.46,Nil upto 10% of units. For remaining units 2% on or before 365D 1% after 365D but on or before 730D Nil after 730D
PGIM India Mutual Fund,PGIM India Arbitrage Fund-Reg(G),HY-ARB,2.0,132.8,0.98,27-Aug-14,Nifty 50 Arbitrage,15.42,15.42,14.88,0.46,1.07,1.85,3.52,3.53,3.71,4.54,-,238,63.0,65397.0,38.48,18.62,11.67,Financials,0.01,-,4.48,0.76,0.84,1.78,-0.02,0.9,Hybrid : Arbitrage,3.56,3.65,Nil
PGIM India Mutual Fund,PGIM India ELSS Tax Saver Fund-Reg(G),EQ-ELSS,4.0,411.3,2.53,11-Dec-15,NIFTY 500 - TRI,24.08,25.17,20.75,0.5,7.54,0.5,0.67,29.36,18.6,12.09,-,41,32.0,145945.0,68.29,14.81,10.99,Financials,-,-,-,4.56,-0.01,-0.02,0.87,16.81,Equity : Tax Saving (ELSS),-1.86,16.69,Nil
PGIM India Mutual Fund,PGIM India Equity Savings Fund(G),HY-EQ,1.0,169.7,1.24,5-Feb-04,NIFTY 50 Equity Savings Index - TRI,40.47,40.47,39.06,0.45,2.11,1.3,1.31,10.5,7.22,7.01,8.04,81,47.0,160384.0,59.04,6.7,3.47,Financials,0.17,0.15,6.22,-0.98,-0.34,-0.55,0.14,3.1,Hybrid : Equity Oriented,1.35,8.53,Nil
PGIM India Mutual Fund,PGIM India Flexi Cap Fund-Reg(G),EQ-FLEX,5.0,5084.7,1.95,4-Mar-15,NIFTY 500 - TRI,25.02,28.25,21.73,-2.42,6.73,-2.26,-9.83,25.4,22.97,13.97,-,143,48.0,75887.0,60.19,17.71,18.5,Financials,-,-,-,-6.15,-0.62,-0.95,0.89,17.8,Equity : Flexi Cap,-2.7,16.46,0.50% on or before 90D Nil after 90D
PGIM India Mutual Fund,PGIM India Hybrid Equity Fund(G),HY-EQ,3.0,222.3,2.35,5-Feb-04,CRISIL Hybrid 35+65 - Aggressive Index,90.66,101.32,81.04,-1.16,5.53,-0.13,-11.94,13.76,9.49,6.87,9.65,77,33.0,167751.0,51.58,14.72,3.94,Financials,0.05,0.06,6.18,-13.43,-0.97,-1.47,0.78,14.33,Hybrid : Equity Oriented,1.35,8.53,0.50% on or before 90D Nil after 90D
PGIM India Mutual Fund,PGIM India Large Cap Fund(G),EQ-LC,1.0,391.8,2.51,30-Jan-03,NIFTY 100 - TRI,239.34,257.46,208.75,-0.98,6.85,2.54,-9.13,17.54,11.73,8.68,12.1,85,32.0,234512.0,81.82,10.09,3.16,Financials,-,-,-,-4.91,-0.57,-0.9,0.94,17.56,Equity : Large Cap,-3.51,14.3,0.50% on or before 90D Nil after 90D
PGIM India Mutual Fund,PGIM India Midcap Opp Fund-Reg(G),EQ-MID,5.0,6953.6,1.93,2-Dec-13,Nifty Midcap 150 - TRI,44.77,46.66,36.9,-1.85,8.86,5.24,-0.76,40.34,37.27,18.45,-,93,46.0,32516.0,17.56,63.26,12.77,Automobile and Ancillaries,-,-,-,3.7,-0.06,-0.08,0.86,18.87,Equity : Mid Cap,0.53,23.53,0.50% on or before 90D Nil after 90D
Quant Mutual Fund,Quant Active Fund(G),EQ-MLC,5.0,3024.1,2.63,20-Mar-01,NIFTY 500 - TRI,441.23,461.79,354.72,-2.02,12.03,0.6,0.84,41.25,33.76,21.82,20.24,121,63.0,45974.0,46.39,26.28,26.66,FMCG,103,-,-,7.41,0.08,0.13,1,22.15,Equity : Multi Cap,0.07,20.3,Nil
Quant Mutual Fund,Quant Flexi Cap Fund(G),EQ-FLEX,5.0,639.6,2.33,23-Sep-08,NIFTY 500 - TRI,61.36,64.27,49.86,-1.82,13.06,2.32,1.82,43.44,36.24,18.39,17.94,192,41.0,109286.0,72.6,18.94,8.09,FMCG,-,-,-,6.7,0.05,0.08,1,21.53,Equity : Flexi Cap,-2.7,16.46,Nil
Quant Mutual Fund,Quant Infrastructure Fund(G),EQ-INFRA,5.0,730.0,2.39,26-Aug-07,Nifty Infrastructure - TRI,22.82,24.4,18.21,-3.74,11.7,1.56,8.99,56.92,37.38,20.76,15.69,162,31.0,70644.0,64.1,16.33,19.25,Infrastructure,-,-,-,16.05,0.41,0.63,1.08,24.36,Equity : Sectoral - Infrastructure,5.4,20.87,0.50% on or before 3M Nil after 3M
Quant Mutual Fund,Quant Mid Cap Fund(G),EQ-MID,5.0,862.3,2.68,26-Feb-01,Nifty Midcap 150 - TRI,131.77,137.44,107.68,-1.85,10.84,1.69,8.8,44.84,35.12,19.65,15.9,204,34.0,48425.0,30.98,67.13,1.42,Automobile and Ancillaries,-,-,-,13.53,0.37,0.57,0.97,21.89,Equity : Mid Cap,0.53,23.53,0.50% on or before 3M Nil after 3M
Quant Mutual Fund,Quant Multi Asset Fund(G),DT-GILT,5.0,393.7,2.31,20-Mar-01,S&P BSE 200 - TRI,85.1,87.09,71.4,-0.48,11.26,0.31,8.8,34.2,29.23,19.47,13.46,118,24.0,82427.0,36.67,11.2,14.06,FMCG,6.76,4.82,7.07,8.49,0.45,0.69,0.39,18.44,Debt : Gilt,1.22,5.04,Nil
Quant Mutual Fund,Quant Small Cap Fund(G),EQ-SML,5.0,2206.6,2.67,16-Oct-96,Nifty Smallcap 250 - TRI,134.71,143.9,106.97,-0.77,11.75,-4.64,-3.73,49.07,50.69,21.35,14.93,76,57.0,13730.0,20.7,6.46,70.02,FMCG,3.17,-,-,4.46,-0.05,-0.07,1.02,25.16,Equity : Small Cap,2.94,30.51,1% on or before 1Y Nil after 1Y
Quant Mutual Fund,Quant Tax Plan(G),EQ-ELSS,5.0,1942.9,2.62,31-Mar-00,NIFTY 500 - TRI,243.59,255.49,194.5,-1.82,13.57,3.88,5.8,46.01,37.95,21.91,20.3,158,50.0,97136.0,69.1,22.11,8.76,FMCG,-,-,-,12.8,0.3,0.46,1.06,22.92,Equity : Tax Saving (ELSS),-1.86,16.69,Nil
Quantum Mutual Fund,Quantum Long Term Equity Value Fund-Reg(G),EQ-VAL,2.0,853.8,1.79,13-Mar-06,S&P BSE 500 - TRI,76.6,79.95,67.11,-1.02,5.76,2.5,-4.54,22.01,13.95,8.12,12,18.85,27.0,171290.0,78.08,9.52,5.0,Financials,-,-,-,-0.43,-0.31,-0.49,0.88,17.03,Equity : Value / Contra,3.04,21.88,Nil upto 10% of units on or before 730D For remaining units 2% on or before 365D and 1% after 365D but before 730D Nil after 730D
Quantum Mutual Fund,Quantum Tax Saving Fund-Reg(G),EQ-ELSS,2.0,108.2,1.79,23-Dec-08,S&P BSE 500 - TRI,76.32,79.35,66.94,-1.0,5.7,2.77,-4.03,22.09,14.17,8.25,12.08,18.48,27.0,170845.0,77.97,9.58,4.9,Financials,-,-,-,-0.08,-0.29,-0.46,0.86,16.65,Equity : Tax Saving (ELSS),-1.86,16.69,Nil
SBI Mutual Fund,SBI Arbitrage Opportunities Fund-Reg(G),HY-ARB,1.0,6980.4,0.82,3-Nov-06,Nifty 50 Arbitrage,27.94,27.94,26.83,0.46,1.21,2.09,3.99,3.98,3.86,4.85,6.11,1334,155.0,98395.0,47.23,16.92,4.52,Financials,-,-,-,1.21,1.32,2.71,-0.02,0.92,Hybrid : Arbitrage,3.56,3.65,0.25% on or before 1M Nil after 1M
SBI Mutual Fund,SBI Banking & Financial Services Fund-Reg(G),EQ-FIN,3.0,3665.6,1.96,26-Feb-15,Nifty Financial Services - TRI,25.88,27.26,21.25,-1.28,10.54,6.8,-2.46,23.79,12.07,11.89,-,115,20.0,182187.0,74.97,6.22,10.72,Financials,-,-,-,3.02,-0.13,-0.2,1.03,20.69,Equity : Sectoral - Financial Services,-1.79,11.01,0.50% on or before 30D Nil after 30D
SBI Mutual Fund,SBI BlueChip Fund-Reg(G),EQ-LC,4.0,33022.0,1.65,20-Jan-06,S&P BSE 100 - TRI,61.95,64.08,53.7,-0.96,6.59,3.03,-4.34,24.54,15.37,10.77,14.72,7,53.0,203501.0,82.63,11.14,0.23,Financials,-,-,-,-0.15,-0.3,-0.48,0.92,17.3,Equity : Large Cap,-3.51,14.3,1% on or before 1Y Nil after 1Y
SBI Mutual Fund,SBI Conservative Hybrid Fund-Reg(G),HY-DT(CO),4.0,6714.5,1.11,23-Mar-01,NIFTY 50 Hybrid Composite Debt 15:85 Index,55.21,55.53,52.04,0.09,3.42,3.18,3.89,12.55,10.56,7.58,9.12,0,35.0,51532.0,9.34,6.37,6.49,Financials,4.17,2.7,7.35,1.69,0.34,0.5,0.4,4.46,Hybrid : Debt Oriented (Conservative),0.59,9.76,Nil for 10% of investment and 1% for remaining Investment on or before 1Y Nil after 1Y
SBI Mutual Fund,SBI Consumption Opp Fund-Reg(G),EQ-CONS,3.0,1122.0,2.35,1-Jan-13,Nifty India Consumption - TRI,208.24,209.32,169.75,1.86,11.26,7.75,14.38,42.27,21.32,14.72,-,67,28.0,56644.0,45.31,19.09,23.96,FMCG,-,-,-,16.93,0.78,1.18,0.71,16.65,Equity : Thematic - Consumption,7.84,17.57,0.10% on or before 30D Nil after 30D
SBI Mutual Fund,SBI Contra Fund-Reg(G),EQ-VAL,5.0,6153.6,1.86,14-Jul-99,S&P BSE 500 - TRI,220.79,226.22,186.35,-0.35,9.29,7.05,7.47,43.66,30.03,14.6,14.77,230,72.0,37162.0,30.29,20.48,24.31,Financials,-,-,-,10.79,0.41,0.64,0.76,15.83,Equity : Value / Contra,3.04,21.88,1% on or before 1Y Nil after 1Y
SBI Mutual Fund,SBI Equity Hybrid Fund-Reg(G),HY-EQ,4.0,55324.6,1.52,6-Jan-96,CRISIL Hybrid 35+65 - Aggressive Index,205.72,209.72,183.73,-0.48,5.81,1.23,-2.68,20.46,13.29,11.09,14.46,0,38.0,181408.0,52.2,14.12,2.12,Financials,6.35,4.09,7.07,-4.03,-0.38,-0.59,0.77,11.85,Hybrid : Equity Oriented,1.35,8.53,Nil for 10% of investments and 1% for remaining investment on or before 12M Nil after 12M
SBI Mutual Fund,SBI Equity Savings Fund-Reg(G),HY-EQ,3.0,2423.0,1.18,27-May-15,NIFTY 50 Equity Savings Index,17.74,17.85,16.38,0.05,4.55,1.53,1.95,12.69,9.84,7.61,-,0,91.0,75065.0,38.75,16.21,13.68,Financials,4,2.82,7.33,-0.15,-0.06,-0.09,0.41,6.62,Hybrid : Equity Oriented,1.35,8.53,0.10% on or before 15D Nil after 15D
SBI Mutual Fund,SBI Flexicap Fund-Reg(G),EQ-FLEX,3.0,15799.7,1.8,16-Sep-05,S&P BSE 500 - TRI,76.14,79.51,66.21,-0.75,7.38,-0.35,-4.96,25.88,14.84,10.36,15.64,40,56.0,122651.0,64.0,16.15,14.02,Financials,-,-,-,-1.39,-0.37,-0.57,0.83,16.21,Equity : Flexi Cap,-2.7,16.46,0.10% on or before 30D Nil after 30D
SBI Mutual Fund,SBI Focused Equity Fund-Reg(G),EQ-MLC,3.0,27607.2,1.71,11-Oct-04,S&P BSE 500 - TRI,232.34,261.31,201.34,-0.78,7.63,-0.17,-6.76,25.95,16.27,13.63,15.72,30,24.0,84776.0,49.05,33.57,1.77,Financials,-,-,-,-4.33,-0.54,-0.86,0.71,15.18,Equity : Multi Cap,0.07,20.3,1% on or before 1Y Nil after 1Y
SBI Mutual Fund,SBI Healthcare Opp Fund-Reg(G),EQ-PHRM,2.0,1680.5,2.12,14-Jul-99,S&P BSE Health Care - TRI,218.67,236.36,194.21,1.54,4.57,-1.7,-5.8,10.72,25.52,11.53,14.47,25,18.0,45184.0,51.09,23.67,22.91,Healthcare,-,-,-,-5.29,-0.54,-0.88,0.56,15.6,Equity : Sectoral - Pharma,-7.13,24.5,0.50% on or before 15D Nil after 15D
SBI Mutual Fund,SBI Infrastructure Fund-Reg(G),EQ-INFRA,2.0,900.4,2.38,6-Jul-07,Nifty Infrastructure - TRI,26.76,27.74,22.46,-1.5,10.29,5.33,3.82,35.97,19.98,12.11,12.37,54,36.0,42993.0,40.27,16.0,36.81,Capital Goods,-,-,-,6.68,0.14,0.22,0.78,16.54,Equity : Sectoral - Infrastructure,5.4,20.87,0.50% on or before 30D Nil after 30D
SBI Mutual Fund,SBI Large & Midcap Fund-Reg(G),EQ-L&M,4.0,8029.6,1.93,28-Feb-93,NIFTY LargeMidcap 250 - TRI,392.68,397.31,323.08,0.56,11.95,5.51,4.13,33.26,21.46,13.85,16.56,58,60.0,64889.0,37.49,36.29,16.13,Financials,-,-,-,7.64,0.19,0.29,0.81,16.42,Equity : Large & Mid Cap,-1.58,18.24,0.10% on or before 30D Nil after 30D
SBI Mutual Fund,SBI Long Term Equity Fund-Reg(G),EQ-ELSS,3.0,10867.1,1.8,31-Mar-93,S&P BSE 500 - TRI,228.36,236.62,195.34,-0.89,6.9,3.36,-1.98,25.75,17.75,10.28,13.42,17,59.0,84122.0,60.02,19.05,12.16,Financials,-,-,-,2.65,-0.13,-0.2,0.87,17.2,Equity : Tax Saving (ELSS),-1.86,16.69,Nil
SBI Mutual Fund,SBI Magnum Comma Fund-Reg(G),EQ-THEM,5.0,454.9,2.62,8-Aug-05,NIFTY COMMODITIES - TRI,66.83,77.92,57.27,-5.0,9.9,-8.95,-13.67,27.3,21.65,10.73,11.96,56,24.0,33343.0,45.82,11.57,36.3,Energy,-,-,-,-8.9,-0.64,-0.94,0.87,21.42,Equity : Thematic,7.27,15.07,0.50% on or before 30D Nil after 30D
SBI Mutual Fund,SBI Magnum Equity ESG Fund-Reg(G),EQ-THEM,2.0,4507.3,2.01,1-Jan-91,NIFTY100 ESG - TRI,163.04,174.86,140.33,-0.45,6.23,1.01,-6.17,22.46,14.09,11.79,13.48,33,40.0,176456.0,81.34,12.68,1.35,Financials,-,-,-,-1.56,-0.38,-0.6,0.95,18.14,Equity : Thematic,7.27,15.07,1% on or before 1Y Nil after 1Y
SBI Mutual Fund,SBI Magnum Midcap Fund-Reg(G),EQ-MID,4.0,8195.4,1.87,29-Mar-05,Nifty Free Float Midcap 150 - TRI,148.97,155.89,123.26,-2.81,8.66,6,4.95,41.18,29.62,13.8,19.65,13,63.0,25362.0,11.54,59.16,25.23,Automobile and Ancillaries,-,-,-,8.97,0.25,0.38,0.79,18.18,Equity : Mid Cap,0.53,23.53,1% on or before 1Y Nil after 1Y
SBI Mutual Fund,SBI PSU Fund-Reg(G),EQ-THEM,1.0,434.7,2.54,7-Jul-10,S&P BSE PSU - TRI,14.67,14.99,11.78,-0.18,15.85,3.55,4.93,35.68,12.54,2.96,5.62,43,22.0,69223.0,63.02,17.05,18.18,Financials,-,-,-,11.47,0.31,0.48,0.87,21.5,Equity : Thematic,7.27,15.07,0.50% on or before 30D Nil after 30D
Sundaram Mutual Fund,Sundaram Aggressive Hybrid Fund(G),HY-EQ,4.0,3055.2,2.02,14-Jan-00,CRISIL Hybrid 35+65 - Aggressive Index,113.47,116.24,100.5,-0.53,6.99,3.65,-3.32,20.42,14.83,9.08,13.35,72,57.0,186933.0,61.44,11.13,4.06,Financials,1.67,1.34,6.44,-4.28,-0.36,-0.56,0.88,13.16,Hybrid : Equity Oriented,1.35,8.53,Nil upto 25% of units within 1Y 1% in excess of limit within 1Y Nil after 1Y
Sundaram Mutual Fund,Sundaram Balanced Advantage Fund(G),HY-DYN,1.0,1569.3,2.06,16-Dec-10,NIFTY 50 Hybrid Composite Debt 50:50 Index,26.1,26.75,23.53,-0.84,6.13,4.08,2.06,9.63,8.3,6.03,9.04,323,65.0,185661.0,58.31,12.48,3.27,Financials,0.79,0.64,6.63,0.18,-0.02,-0.03,0.62,9.06,Hybrid : Dynamic Asset Allocation,1.18,10.47,Nil upto 25% of units and 1% for remaining units on or before 1Y Nil after 1Y
Sundaram Mutual Fund,Sundaram Consumption Fund(G),EQ-CONS,2.0,1244.4,2.24,12-May-06,Nifty India Consumption - TRI,63.75,65.69,51.19,-0.28,9.17,11.3,4.7,25.38,15.3,8.78,14.74,54,39.0,116796.0,71.84,11.09,10.42,FMCG,-,-,-,8.52,0.21,0.33,0.85,17.89,Equity : Thematic - Consumption,7.84,17.57,Nil upto 25% of units and 1% for remaining units on or before 365D Nil after 365D
Sundaram Mutual Fund,Sundaram Diversified Equity(G),EQ-ELSS,2.0,1756.4,2.13,2-May-05,NIFTY 500 - TRI,153.31,158.46,129.85,-1.12,8.95,4.91,-0.78,26.53,15.2,8.57,12.81,32,51.0,153044.0,68.0,26.36,5.44,Financials,-,-,-,4.36,-0.05,-0.08,0.94,17.93,Equity : Tax Saving (ELSS),-1.86,16.69,Nil
Sundaram Mutual Fund,Sundaram Equity Savings Fund(G),HY-EQ,3.0,395.6,2.36,23-May-02,NIFTY 50 Equity Savings Index,51.94,52.14,47.93,0.32,4.25,2.89,1.95,15.55,12.49,8.84,8.16,433,57.0,130078.0,50.12,14.43,6.01,Financials,0.67,0.63,6.41,-0.3,-0.07,-0.12,0.5,7.72,Hybrid : Equity Oriented,1.35,8.53,NIL
Sundaram Mutual Fund,Sundaram Fin Serv Opp Fund(G),EQ-FIN,4.0,583.3,2.57,10-Jun-08,Nifty Financial Services - TRI,62.82,64.72,51.24,-0.99,12.62,7.9,-0.52,26.14,12.53,10.57,12.54,61,25.0,214764.0,76.68,5.78,10.62,Financials,-,-,-,5.07,-0.04,-0.06,1.05,20.82,Equity : Sectoral - Financial Services,-1.79,11.01,Nil upto 25% of units and 1% for remaining units on or before 365D Nil after 365D
Sundaram Mutual Fund,Sundaram Focused Fund(G),EQ-FLEX,4.0,736.4,2.49,11-Nov-05,NIFTY 500 - TRI,108.42,115.92,92.23,-1.95,8.5,0.33,-6.35,25.2,18.35,12.7,14,43,29.0,73438.0,58.68,18.71,8.29,Financials,-,-,-,-2.14,-0.4,-0.61,0.98,18.94,Equity : Flexi Cap,-2.7,16.46,0.25% before 7D Nil after 7D
Sundaram Mutual Fund,Sundaram Infra Advantage Fund(G),EQ-INFRA,3.0,618.9,2.56,29-Sep-05,S&P BSE 100 - TRI,52.46,55.11,43.92,-2.73,10.12,1.93,-1.36,35.53,19.26,8.81,10.96,45,49.0,78372.0,56.2,20.12,19.68,Capital Goods,-,-,-,3.7,-0.06,-0.1,0.88,18.52,Equity : Sectoral - Infrastructure,5.4,20.87,Nil upto 25% of units and 1% for remaining units on or before 365D Nil after 365D
Sundaram Mutual Fund,Sundaram Large and Mid Cap Fund(G),EQ-L&M,2.0,5089.8,1.89,27-Feb-07,NIFTY LargeMidcap 250 - TRI,54.98,58.76,46.61,-2.06,8.33,1.59,-4.93,26.75,14.99,12.05,14.38,27,68.0,108940.0,56.11,33.55,4.31,Financials,-,-,-,-0.13,-0.29,-0.45,0.94,18.3,Equity : Large & Mid Cap,-1.58,18.24,Nil upto 25% of units and 1% for remaining units on or before 365D Nil after 365D
Sundaram Mutual Fund,Sundaram Mid Cap Fund-Reg(G),EQ-MID,1.0,7413.0,1.84,19-Jul-02,Nifty Midcap 100 - TRI,751.04,781.12,607.46,-1.64,11.04,6.46,0.1,32.07,18.97,8.47,16.31,41,64.0,40197.0,24.72,64.79,6.78,Financials,-,-,-,5.17,0.01,0.01,0.91,19.26,Equity : Mid Cap,0.53,23.53,Nil upto 25% of units and 1% for remaining units on or before 365D Nil after 365D
Sundaram Mutual Fund,Sundaram Multi Cap Fund(G),EQ-MLC,4.0,1859.8,2.14,25-Oct-00,Nifty500 Multicap 50:25:25 - TRI,240.45,254.22,203.72,-1.81,8.88,1.71,-2.53,30.34,20.42,11.38,16.23,74,68.0,72857.0,43.9,29.47,22.27,Financials,-,-,-,2.07,-0.16,-0.25,0.92,18.53,Equity : Multi Cap,0.07,20.3,Nil upto 25% of units and 1% for remaining units on or before 365D Nil after 365D
Sundaram Mutual Fund,Sundaram Small Cap Fund(G),EQ-SML,3.0,2039.9,2.09,15-Feb-05,Nifty Smallcap 100 - TRI,149.88,159.27,123.19,-0.9,10.98,2.55,-3.46,38.38,27.15,8.68,16.48,48,77.0,13724.0,8.66,17.36,67.82,Financials,-,-,-,0.43,-0.22,-0.32,0.82,18.68,Equity : Small Cap,2.94,30.51,Nil upto 25% of units and 1% for remaining units on or before 365D Nil after 365D
Sundaram Mutual Fund,Sundaram Tax Savings Fund-Reg(G),EQ-ELSS,4.0,945.1,2.35,31-Mar-96,NIFTY 500 - TRI,338.6,349.08,287.4,-0.75,8.58,4.04,-1.29,28.13,19.24,10.4,15.7,38,59.0,96008.0,60.35,24.51,8.75,Financials,-,-,-,3.23,-0.11,-0.17,0.94,18.14,Equity : Tax Saving (ELSS),-1.86,16.69,Nil
Tata Mutual Fund,Tata Banking & Financial Services Fund-Reg(G),EQ-FIN,2.0,1105.5,2.32,28-Dec-15,Nifty Financial Services - TRI,26.72,28.35,21.56,-1.38,13.29,8.42,-2.91,21.79,10.31,8.52,-,10.2,27.0,127661.0,71.52,9.47,16.76,Financials,-,-,-,2.6,-0.15,-0.24,1.02,20.34,Equity : Sectoral - Financial Services,-1.79,11.01,0.25% on or before 30D
Tata Mutual Fund,Tata Equity P/E Fund(G),EQ-VAL,1.0,5114.7,1.95,29-Jun-04,NIFTY 500 - TRI,204.32,212.08,176.4,-2.13,8.54,3.54,-3.12,21.74,15.02,8.3,15.41,45.39,34.0,125350.0,67.28,15.17,13.58,Financials,-,-,-,1.21,-0.22,-0.34,0.88,16.85,Equity : Value / Contra,3.04,21.88,Nil upto 12% on investment and 1% for rest investment on or before 12M Nil after 12M
Tata Mutual Fund,Tata Ethical Fund-Reg(G),EQ-THEM,4.0,1423.2,2.23,24-May-96,Nifty500 Shariah - TRI,276.12,301.61,243.82,0.04,5.2,-0.43,-3.76,24.94,19.5,12.69,14.4,24.49,55.0,88267.0,56.68,30.72,9.41,Technology,-,-,-,-0.15,-0.27,-0.41,0.79,16.82,Equity : Thematic,7.27,15.07,0.50% on or before 90D Nil after 90D
Tata Mutual Fund,Tata Hybrid Equity Fund-Reg(G),HY-EQ,3.0,3221.5,1.99,8-Oct-95,CRISIL Hybrid 35+65 - Aggressive Index,313.54,321.43,276.1,-0.44,6.87,5.63,-0.1,21.03,13.73,9.02,12.63,3.97,37.0,228252.0,56.69,7.42,10.53,Financials,2.6,2.08,7.45,-0.78,-0.09,-0.14,0.79,13.48,Hybrid : Equity Oriented,1.35,8.53,Nil upto 12% of investments and 1% for remaining investments on or before 365D Nil after 365D
Tata Mutual Fund,Tata India Consumer Fund-Reg(G),EQ-CONS,2.0,1467.7,2.21,28-Dec-15,Nifty India Consumption - TRI,27.87,28.78,22.78,-0.34,8.73,6.1,-2.07,24.7,16.6,11.46,-,58.15,30.0,63949.0,52.5,25.08,18.16,FMCG,-,-,-,1.66,-0.16,-0.25,0.82,18.31,Equity : Thematic - Consumption,7.84,17.57,0.25% on or before 30D
Tata Mutual Fund,Tata India Pharma & Healthcare Fund-Reg(G),EQ-PHRM,1.0,519.7,2.5,28-Dec-15,NIFTY PHARMA - TRI,16.7,18.02,15.0,4.25,3.38,-2.72,-6.33,10.98,23.41,14.33,-,22.98,25.0,45346.0,49.59,28.05,18.04,Healthcare,-,-,-,-5.97,-0.61,-1.01,0.53,14.65,Equity : Sectoral - Pharma,-7.13,24.5,0.25% on or before 30D
Tata Mutual Fund,Tata India Tax Savings Fund-Reg(G),EQ-ELSS,2.0,3036.6,1.97,13-Oct-14,NIFTY 500 - TRI,28.96,29.79,24.5,-0.42,9.25,3.73,-1.36,25.11,16.32,11.09,-,23.42,53.0,116875.0,63.78,15.83,19.07,Financials,-,-,-,3.73,-0.08,-0.13,0.94,17.75,Equity : Tax Saving (ELSS),-1.86,16.69,Nil
Tata Mutual Fund,Tata Infrastructure Fund-Reg(G),EQ-INFRA,3.0,941.4,2.38,31-Dec-04,S&P BSE India Infrastructure Index - TRI,99.55,106.42,81.45,-3.59,9.68,6.53,6.31,44.91,21.58,12.04,12.82,19.14,44.0,41470.0,36.26,41.88,17.45,Capital Goods,-,-,-,10.99,0.35,0.53,0.83,18.37,Equity : Sectoral - Infrastructure,5.4,20.87,0.25% on or before 30D
Tata Mutual Fund,Tata Large & Mid Cap Fund(G),EQ-L&M,2.0,3333.3,2.08,25-Feb-93,NIFTY LargeMidcap 250 - TRI,349.95,359.0,289.22,-0.91,10.42,9.33,2.85,27.16,18.82,13.06,15.22,9,43.0,102478.0,48.38,36.16,11.01,Financials,-,-,-,6.83,0.13,0.2,0.85,16.55,Equity : Large & Mid Cap,-1.58,18.24,Nil upto 12% of investments and 1% for remaining investments on or before 365D Nil after 365D
Tata Mutual Fund,Tata Large Cap Fund(G),EQ-LC,3.0,1303.6,2.41,7-May-98,NIFTY 100 - TRI,330.19,348.39,288.57,-0.88,6.93,1.1,-5.71,24.02,13.86,10.13,12.12,8.84,54.0,225500.0,82.59,10.02,3.83,Financials,-,-,-,-1.29,-0.37,-0.58,0.91,16.99,Equity : Large Cap,-3.51,14.3,Nil upto 12% of investments and 1% for remaining investments on or before 365D Nil after 365D
Tata Mutual Fund,Tata Mid Cap Growth Fund(G),EQ-MID,3.0,1705.6,2.29,1-Jul-94,Nifty Midcap 150 - TRI,244.14,255.87,208.47,-2.18,5.78,1.14,-5.71,28.53,21.39,12.45,17.93,64.7,59.0,29999.0,15.84,69.49,9.7,Automobile and Ancillaries,-,-,-,-0.91,-0.3,-0.46,0.87,18.68,Equity : Mid Cap,0.53,23.53,Nil upto 12% of investments and 1% for remaining investments on or before 365D Nil after 365D
Tata Mutual Fund,Tata Retirement Sav Fund - Cons Plan(G),HY-SOL,2.0,183.8,2.19,4-Nov-11,CRISIL Short Term Debt Hybrid 75+25 Fund Index,24.91,25.3,23.67,-0.51,2.77,1.22,-1.98,5.7,6.62,5.66,8.54,0,46.0,109372.0,18.7,5.82,3.71,Financials,2.27,1.93,7.14,-4.33,-0.85,-1.34,0.52,5.41,Hybrid : Solution Oriented,-1.53,19.02,Nil on or after age of 60Y 1% before 61 months from the Date of allotment
Tata Mutual Fund,Tata Retirement Sav Fund - Mod Plan(G),HY-SOL,3.0,1620.5,2.1,4-Nov-11,CRISIL Short Term Debt Hybrid 75+25 Fund Index,42.95,45.02,37.92,-1.34,7.17,3,-6.04,14.44,11.84,8.31,14.01,51.46,49.0,107039.0,53.5,17.12,11.1,Financials,-,-,-,-7.18,-0.54,-0.85,0.9,14.16,Hybrid : Solution Oriented,-1.53,19.02,Nil on or after age of 60Y 1% before 61 months from the Date of allotment
Tata Mutual Fund,Tata Retirement Sav Fund - Prog Plan(G),HY-SOL,4.0,1281.1,2.21,4-Nov-11,NIFTY 500 - TRI,42.38,45.51,36.86,-1.76,7.99,2.65,-8.79,15.38,11.91,8.51,13.74,57.82,50.0,107179.0,61.72,19.09,12.34,Financials,-,-,-,-9.53,-0.6,-0.92,0.97,16.9,Hybrid : Solution Oriented,-1.53,19.02,Nil on or after age of 60Y 1% before 61 months from the Date of allotment
Tata Mutual Fund,Tata Young Citizen Fund,HY-SOL,4.0,260.5,2.56,14-Oct-95,NIFTY 500 - TRI,41.43,43.52,35.6,-0.53,8.59,2.11,-5.29,23.86,17.58,9.52,11.02,8.06,50.0,118455.0,64.24,16.73,16.92,Financials,1.86,1.55,5.57,-5.59,-0.35,-0.55,0.95,17.41,Hybrid : Solution Oriented,-1.53,19.02,Compulsory Lock-in Option 5Y or till the child attains age of majority (whichever is earlier). 1% - If redeemed before child attains 18Y of age
Taurus Mutual Fund,Taurus Flexi Cap Fund-Reg(G),EQ-FLEX,1.0,254.0,2.64,29-Jan-94,S&P BSE 500 - TRI,150.9,162.37,127.14,-3.76,7.25,-0.03,-3.51,19.91,11.66,5.82,9.67,143,45.0,36824.0,52.51,18.1,28.82,Construction,-,-,2.9,1.39,-0.2,-0.3,0.93,19.0,Equity : Flexi Cap,-2.7,16.46,1% on or before 365D Nil after 365D
Taurus Mutual Fund,Templeton India Value Fund(G),EQ-VAL,4.0,758.2,2.5,5-Sep-03,NIFTY500 Value 50 - TRI,433.82,450.78,360.06,-1.54,10.73,4.68,2.77,40.72,22.7,10.12,14.07,30.49,39.0,94670.0,66.37,6.66,17.98,Financials,-,-,-,7.84,0.16,0.24,0.89,18.21,Equity : Value / Contra,3.04,21.88,1% on or before 1Y
Union Mutual Fund,Union Flexi Cap Fund-Reg(G),EQ-FLEX,4.0,1285.8,2.29,10-Jun-11,S&P BSE 500 - TRI,33.39,35.59,28.71,-0.6,7.48,2.74,-6.4,24.68,18.48,12.47,12.46,42,51.0,188997.0,69.07,21.66,3.09,Financials,-,-,-,-3,-0.47,-0.72,0.89,16.83,Equity : Flexi Cap,-2.7,16.46,1% on or before 15D Nil after 15D
Union Mutual Fund,Union Long Term Equity Fund(G),EQ-ELSS,4.0,549.7,2.51,23-Dec-11,S&P BSE 500 - TRI,42.6,44.18,36.22,-0.49,8.49,3.86,-3.56,26.38,19.45,12.83,13.24,62,61.0,182050.0,72.5,18.42,5.32,Financials,-,-,-,0.5,-0.26,-0.4,0.91,17.29,Equity : Tax Saving (ELSS),-1.86,16.69,Nil
Union Mutual Fund,Union Small Cap Fund-Reg(G),EQ-SML,4.0,1096.1,2.34,10-Jun-14,S&P BSE 250 Small Cap - TRI,31.46,31.84,24.93,0.64,11.7,6.55,5.12,40.31,32.48,15.25,-,70,60.0,11498.0,0.96,26.41,68.08,Capital Goods,-,-,-,8.72,0.24,0.35,0.78,18.76,Equity : Small Cap,2.94,30.51,1% on or before 15D Nil after 15D
UTI Mutual Fund,UTI Arbitrage Fund-Reg(G),HY-ARB,4.0,4110.3,0.93,29-Jun-06,Nifty 50 Arbitrage,29.02,29.02,27.97,0.42,1.05,1.86,3.61,3.76,4.0,4.93,6.02,1108,118.0,155266.0,51.28,10.42,4.21,Financials,0.45,0.45,6.37,0.83,0.91,1.83,-0.02,0.92,Hybrid : Arbitrage,3.56,3.65,Nil upto 10% of units and 0.25% for excess units on or before 21D Nil after 21D
UTI Mutual Fund,UTI Banking and Financial Services Fund-Reg(G),EQ-FIN,1.0,790.7,2.67,30-Jul-05,Nifty Financial Services - TRI,121.92,128.25,99.36,-1.92,12.8,7.1,-2.66,26.56,9.35,4.8,10.46,21,25.0,218045.0,83.51,4.49,10.24,Financials,-,-,-,3.38,-0.12,-0.19,1.07,20.99,Equity : Sectoral - Financial Services,-1.79,11.01,1% on or before 30D Nil after 30D
UTI Mutual Fund,UTI CCF - Savings Plan,HY-SOL,2.0,4143.9,1.75,12-Jul-93,CRISIL Short Term Debt Hybrid 60+40 Fund Index,30.77,31.44,28.49,-0.48,3.62,2.23,0.89,13.52,10.65,6.76,10.03,43,57.0,103261.0,25.18,8.62,5.63,Financials,6.1,3.9,7.42,-0.93,-0.17,-0.27,0.59,7.26,Hybrid : Solution Oriented,-1.53,19.02,Nil
UTI Mutual Fund,UTI CCF- Investment Plan(G),HY-SOL,5.0,677.9,2.68,8-Mar-04,NIFTY 500 - TRI,59.25,64.38,50.42,-0.79,7.51,1.19,-6.61,24.77,17.51,10.07,13.27,25,55.0,103877.0,62.86,21.44,13.91,Financials,-,0.01,7.5,-6.73,-0.41,-0.63,0.98,17.59,Hybrid : Solution Oriented,-1.53,19.02,Nil
UTI Mutual Fund,UTI Core Equity Fund-Reg(G),EQ-L&M,4.0,1434.2,2.55,20-May-09,NIFTY LargeMidcap 250 - TRI,99.74,104.9,85.56,-1.6,5.94,2.89,-5.08,30.89,19.19,10.0,12.38,36,62.0,74996.0,45.77,40.73,10.31,Financials,-,-,-,-0.53,-0.31,-0.47,0.89,17.65,Equity : Large & Mid Cap,-1.58,18.24,1% before 1Y Nil on or after 1Y
UTI Mutual Fund,UTI Flexi Cap Fund-Reg(G),EQ-FLEX,4.0,25786.6,1.77,1-Aug-05,NIFTY 500 - TRI,239.2,278.78,206.49,-1.16,6.77,-1.99,-13.93,21.65,18.38,13.75,14.77,8,60.0,96987.0,63.2,24.47,8.84,Financials,-,-,-,-11.29,-0.89,-1.35,0.91,18.24,Equity : Flexi Cap,-2.7,16.46,Nil upto 10% of units and 1% for remaining units on or before 1Y Nil after 1Y
UTI Mutual Fund,UTI Healthcare Fund-Reg(G),EQ-PHRM,3.0,713.6,2.48,1-Aug-05,S&P BSE Health Care - TRI,150.36,169.48,135.86,3.33,3.01,-4.76,-11.8,7.89,23.97,12.08,12.89,35,31.0,36367.0,43.0,28.05,27.53,Healthcare,-,-,-,-11.77,-0.97,-1.57,0.57,15.33,Equity : Sectoral - Pharma,-7.13,24.5,1% on or before 30D Nil after 30D
UTI Mutual Fund,UTI Hybrid Equity Fund-Reg(G),HY-EQ,4.0,4331.5,1.99,2-Jan-95,CRISIL Hybrid 35+65 - Aggressive Index,255.53,262.77,227.25,-0.78,5.28,3.31,-1.7,24.29,16.45,9.02,11.69,34,62.0,125506.0,49.99,13.31,8.5,Financials,5.55,3.54,7.38,-2.47,-0.22,-0.34,0.74,13.22,Hybrid : Equity Oriented,1.35,8.53,Nil for 10% of units and 1% for remaining units on or before 12M Nil after 12M
UTI Mutual Fund,UTI India Consumer Fund-Reg(G),EQ-CONS,2.0,468.9,2.85,30-Jul-07,Nifty India Consumption - TRI,40.11,41.72,33.69,-0.78,7.6,6.09,-1.82,24.05,14.21,10.26,11.65,18,38.0,124804.0,70.58,22.54,4.71,FMCG,-,-,-,1.56,-0.17,-0.26,0.81,17.15,Equity : Thematic - Consumption,7.84,17.57,1% on or before 30D Nil after 30D
UTI Mutual Fund,UTI Infrastructure Fund-Reg(G),EQ-INFRA,2.0,1469.4,2.3,19-Apr-04,Nifty Infrastructure - TRI,81.31,85.48,66.51,-2.97,9.47,4.31,1.09,35.5,16.04,8.53,10.72,8,42.0,81042.0,60.06,23.08,13.99,Infrastructure,-,-,-,5.52,0.04,0.05,0.88,18.27,Equity : Sectoral - Infrastructure,5.4,20.87,1% on or before 30D Nil after 30D
UTI Mutual Fund,UTI LT Equity Fund (Tax Saving)-Reg(G),EQ-ELSS,4.0,2931.5,2.07,1-Aug-05,NIFTY 500 - TRI,142.76,154.56,121.18,-0.74,7.71,1.5,-6.16,25.28,18.14,11.55,13.28,28,55.0,103536.0,63.01,21.51,14.03,Financials,-,-,-,-1.74,-0.38,-0.58,0.91,17.66,Equity : Tax Saving (ELSS),-1.86,16.69,Nil
UTI Mutual Fund,UTI Mastershare-Reg(G),EQ-LC,4.0,10394.3,2.03,3-Aug-05,S&P BSE 100 - TRI,192.31,207.72,167.18,-0.53,6.52,1,-6.45,22.06,16.11,11.84,13.03,25,52.0,222462.0,78.64,9.41,2.36,Financials,-,-,-,-2.04,-0.41,-0.65,0.93,17.47,Equity : Large Cap,-3.51,14.3,Nil upto 10% of units and 1% for remaining units on or before 1Y Nil after 1Y
UTI Mutual Fund,UTI Mid Cap Fund-Reg(G),EQ-MID,4.0,7251.8,2.12,30-Jul-05,Nifty Midcap 150 - TRI,192.48,198.43,157.66,-0.52,9.49,5.02,-1.25,32.34,25.99,12.59,18.99,17,73.0,27194.0,11.03,68.28,17.14,Financials,-,-,-,2.95,-0.1,-0.15,0.86,18.65,Equity : Mid Cap,0.53,23.53,1% on or before 1Y Nil after 1Y
UTI Mutual Fund,UTI Regular Savings Fund-Reg(G),HY-DT(CO),3.0,1591.8,1.8,16-Dec-03,NIFTY 50 Hybrid Composite Debt 15:85 Index,52.57,53.26,49.69,-0.35,2.78,1.9,0.54,11.24,8.68,6.31,8.78,96,59.0,109500.0,16.63,4.54,3.27,Financials,5.33,3.58,7.47,-1.94,-0.47,-0.73,0.59,4.74,Hybrid : Debt Oriented (Conservative),0.59,9.76,NIL upto 10% of units and 1% for remaining units on or before 12M NIL after 12M
UTI Mutual Fund,UTI Retirement Benefit Pension,HY-SOL,2.0,3634.5,1.74,27-Dec-94,CRISIL Short Term Debt Hybrid 60+40 Fund Index,35.16,35.84,32.8,-0.58,3.2,2.6,0.69,15.1,11.99,6.7,9.22,47,62.0,124880.0,26.52,7.2,4.56,Financials,6.26,4.06,7.33,-1.11,-0.2,-0.31,0.59,7.17,Hybrid : Solution Oriented,-1.53,19.02,Nil
UTI Mutual Fund,UTI Value Opp Fund-Reg(G),EQ-VAL,3.0,6788.6,1.98,20-Jul-05,NIFTY 500 - TRI,101.52,105.24,86.58,-1.1,7.67,3.05,-3.12,25.7,18.66,12.43,12.53,25,59.0,108738.0,66.84,17.66,13.17,Financials,-,-,-,1.18,-0.22,-0.34,0.89,17.15,Equity : Value / Contra,3.04,21.88,Nil upto 10% of units and 1% for remaining units on or before 1Y Nil after 1Y
